CREATE
DATABASE /*!32312 IF NOT EXISTS*/`my_bbs_db` /*!40100 DEFAULT CHARACTER SET utf8 */;

USE `my_bbs_db`;

/*Table structure for table `tb_bbs_post` */

DROP TABLE IF EXISTS `tb_bbs_post`;

CREATE TABLE `tb_bbs_post` (
                               `post_id` bigint NOT NULL AUTO_INCREMENT COMMENT '帖子主键id',
                               `publish_user_id` bigint NOT NULL COMMENT '发布者id',
                               `post_title` varchar(64) NOT NULL DEFAULT '' COMMENT '帖子标题',
                               `post_content` mediumtext NOT NULL COMMENT '帖子内容',
                               `post_category_id` int NOT NULL COMMENT '帖子分类id',
                               `post_category_name` varchar(50) NOT NULL COMMENT '帖子分类(冗余字段)',
                               `post_status` tinyint NOT NULL DEFAULT '1' COMMENT '0-未审核 1-审核通过 2-审核失败 (默认审核通过)',
                               `post_views` bigint NOT NULL DEFAULT '0' COMMENT '阅读量',
                               `post_comments` bigint NOT NULL DEFAULT '0' COMMENT '评论量',
                               `post_collects` bigint NOT NULL DEFAULT '0' COMMENT '收藏量',
                               `last_update_time` datetime NOT NULL DEFAULT CURRENT_TIMESTAMP COMMENT '最新修改时间',
                               `create_time` datetime NOT NULL DEFAULT CURRENT_TIMESTAMP COMMENT '添加时间',
                               PRIMARY KEY (`post_id`) USING BTREE
) ENGINE=InnoDB DEFAULT CHARSET=utf8mb4 COLLATE=utf8mb4_unicode_ci ROW_FORMAT=DYNAMIC;

/*Data for the table `tb_bbs_post` */

insert  into `tb_bbs_post`(`post_id`,`publish_user_id`,`post_title`,`post_content`,`post_category_id`,`post_category_name`,`post_status`,`post_views`,`post_comments`,`post_collects`,`last_update_time`,`create_time`) values (1,1,'My-BBS开源啦！','<p>My-BBS开源啦！</p>',5,'动态',0,435,3,2,'2021-08-01 13:00:00','2021-08-01 13:00:00'),(2,1,'6 年前，只会 JSP 和 Servlet 就可以找到工作','<p>沧海桑田，欢迎大家讨论~</p>',4,'讨论',0,3,0,0,'2021-08-10 14:54:49','2021-08-10 14:54:49'),(3,2,'spring-boot框架学起来容易吗？','<p>如题~</p>',1,'提问',0,233,0,0,'2021-08-10 15:58:30','2021-08-10 15:58:30'),(4,2,'Java知识点归纳(Java基础部分)','<pre><code class=\"Bash\"><xmp>原文地址：https://bbs.csdn.net/topics/392168597</xmp></code></pre><p>写这篇文章的目的是想总结一下自己这么多年来使用java的一些心得体会，主要是和一些java基础知识点相关的，所以也希望能分享给刚刚入门的Java程序员和打算入Java开发这个行当的准新手们，希望可以给大家一些经验，能让大家更好学习和使用Java。<br/>　　这次介绍的主要内容是和J2SE相关的部分，另外，会在以后再介绍些J2EE相关的、和Java中各个框架相关的内容。<br/>　　经过这么多年的Java开发，以及结合平时面试Java开发者的一些经验，我觉得对于J2SE方面主要就是要掌握以下的一些内容。<br/><br/>　　1. JVM相关(包括了各个版本的特性)<br/>　　对于刚刚接触Java的人来说，JVM相关的知识不一定需要理解很深，对此里面的概念有一些简单的了解即可。不过对于一个有着3年以上Java经验的资深开发者来说，不会JVM几乎是不可接受的。<br/>　　JVM作为java运行的基础，很难相信对于JVM一点都不了解的人可以把java语言吃得很透。我在面试有超过3年Java经验的开发者的时候， JVM几乎就是一个必问的问题了。当然JVM不是唯一决定技术能力好坏的面试问题，但是可以佐证java开发能力的高低。<br/>　　在JVM这个大类中，我认为需要掌握的知识有：<br/>JVM内存模型和结构<br/>GC原理，性能调优<br/>调优：Thread Dump， 分析内存结构<br/>class 二进制字节码结构， class loader 体系 ， class加载过程 ， 实例创建过程<br/>方法执行过程<br/>Java各个大版本更新提供的新特性(需要简单了解)<br/><br/>　　2. Java的运行（基础必备）<br/>　　这条可能出看很简单，java程序的运行谁不会呢？不过很多时候， 我们只是单纯通过IDE去执行java程序，底层IDE又是如何执行java程序呢？很多人并不了解。<br/>　　这个知识点是最最基本的java开发者需要掌握的，初学java，第一个肯定是教你如何在命令行中执行java程序，但是很多人一旦把java学完了，IDE用上了，就把这个都忘了。为什么强调要知道这个呢，知道了java最纯粹的启动方式之后，你才能在启动出问题的时候，去分析当时启动的目录多少，执行命名如何，参数如何，是否有缺失等。 这样有利于你真正开发中去解决那些奇奇怪怪的可能和环境相关的问题。<br/>　　在这里需要掌握的知识有：<br/>javac 编译java文件为 class 文件<br/>java 命令的使用， 带package的java类如何在命令行中启动<br/>java程序涉及到的各个路径(classpath， java。library。path， java运行的主目录等)<br/><br/>　　3. 数据类型<br/>　　这条没有什么好多说的，无非就是Java中的基本类型和对象类型的掌握。可以再了解一些JDK如何自动转换方面的知识，包括装箱拆箱等，还要注意避免装箱之后的类型相等的判断<br/>　　主要知识点：<br/>基本类型： int， long， float， double， boolean ， 。。。<br/>对应的对象类型： Integer 等类型到基本类型的转换， 装箱和拆箱<br/>Object类型： equals， hashcode<br/>String 类型的特点<br/><br/>　　4. 对象和实例，对象的创建<br/>　　在这方面，开发者需要了解class和instance的概念以及之间的差别， 这是java面向对象特性的一个基础。主要知识点有：<br/>Class和 Instance 的概念<br/>Instance 创建的过程：<br/>　　1。 无继承：分配内存空间， 初始化变量， 调用构造函数<br/>　　2。 有继承：处理静态动作， 分配内存空间， 变量定义为初始值 ， 从基类-&gt;子类， 处理定义处的初始化， 执行构造方法<br/>　　需要注意的点：<br/>　　　　静态属性等从基类-&gt;子类进行初始化<br/>　　　　默认无参构造方法相关的特性　　<br/><br/>　　5. 访问控制<br/>　　这也是java封装特性的一个基础，需要掌握的有：<br/>public protected default private 对于class， method， field 的修饰作用<br/><br/>　　6. 流程控制<br/>　　Java 流程控制的基础， 虽然有些语法不一定很常用，但是都需要了解，并且在合适的地方使用它们。<br/>需要掌握的有：<br/>if， switch， loop， for， while 等流程控制的语法<br/><br/>　　7. 面向对象编程的概念<br/>　　这是一个java的核心概念，对于任何java开发者都需要熟练掌握。Java中很多特性或者说知识点都是和java面向对象编程概念相关的。在我的理解，一个好的开发者不仅仅需要了解这些特性（知识点）本身，也更需要知道这些对象在java的面向对象编程概念中是如何体现出来的，这样更有利于开发者掌握java这门开发语言，以及其他面向对象编程的语言。在这里只是简单罗列了一下，主要的知识点包括有：<br/>面向对象三大特性：封装，继承，多态; 各自的定义概念，有哪些特性体现出来，各自的使用场景<br/>静态多分派，动态单分派的概念<br/>重载的概念和使用<br/>继承：接口多实现，基类单继承<br/>抽象，抽象类，接口<br/>多态：方法覆盖的概念和使用<br/>接口回调<br/><br/>　　8. Static<br/>　　静态属性在java日常开发中也是经常使用，需要了解和 static 关键字相关的用法，还有和其他关键字的配合使用， 如是否可以和 abstract， final 等关键字联合使用。<br/>主要需要掌握的有：<br/>静态属性的定义，使用，以及类加载时如何初始化<br/>静态方法的定义和使用<br/>静态类的定义和使用<br/>静态代码块的定义和初始化时机<br/><br/>　　9. 基础知识点<br/>　　这里主要罗列一些散落的，没有系统归类的一些java知识点。在日常的开发中用到也不少。 这块内容其实还有很多，目前只是暂时归纳了这几个在这里：<br/>　　包括有：<br/>equals ， hashcode ， string/stringbuffer ，final ， finally ， finalize<br/><br/>　　10.集合框架<br/>　　这个是一个需要多加掌握的部分，做java开发，可以说没有不用到集合框架的，这很重要。但是这里的知识点并不难，但是对于集合最好要了解内部的实现方式，因为这样有助于你在各个不同的场景选择适合的框架来解决问题，比如有1W个元素的集合，经常要进行contains判断操作，知道了集合的特性或者内部实现，就很容易做出正确的选择。<br/>　　这里包括了如下内容(并发相关不包含在内)：<br/>集合框架的体系： 基础Collection ，Map<br/>具体集合实现的内容， List ，Set ，Map 具体的实现，内部结构， 特殊的方法， 适用场景等<br/>集合相关的工具类 Collections 等的用法<br/><br/>　　11.异常框架<br/>　　异常在java的开发中可能没有那么被重视。一般遇到异常，直接上抛，或者随便catch一下处理之后对于程序整体运行也没有什么大的影响。不过在企业级设计开发中， 异常的设计与处理的好坏，往往就关系着这个系统整体的健壮性。一个好的系统的异常对于开发者来说，处理应该统一，避免各处散落很多异常处理逻辑；对于系统来说，异常应该是可控的，并且是易于运维的，某些异常出现后，应该有应对的方法，知道如何运维处理，所以虽然异常框架很简单，但是对于整个企业级应用开发来说，异常处理是很重要的，处理好异常就需要了解Java中的异常体系。<br/>　　这部分需要掌握的知识点不多，主要就是：<br/>异常的体系：<br/>Throwable<br/>Exception<br/>RuntimeException<br/>Error<br/>RuntimeException 和 一般 Exception 的区别， 具体处理方法等<br/><br/>　　12. Java IO<br/>　　IO 在java中不仅仅是文件读写那么简单，也包括了 socket 网络的读写等等一切的输入输出操作。比如说 标准HTTP请求中Post的内容的读取也是一个输出的过程，等等…<br/>　　对于IO，Java不仅提供了基本Input、Output相关的api，也提供了一些简化操作的Reader、Writer等api，在某些开发（涉及大量IO操作的项目）中也很重要，一般日常的开发中也会涉及（日志，临时文件的读写等）。<br/>　　在这中的知识点主要有：<br/>基本IO的体系： 包括有InputStream ， OutputStream， Reader/Writer， 文件读取，各种流读取等<br/>NIO 的概念， 具体使用方式和使用场景<br/><br/>　　13.多线程并发<br/>　　多线程是Java中普遍认为比较难的一块。多线程用好了可以有效提高cpu使用率， 提升整体系统效率， 特别是在有大量IO操作阻塞的情况下；但是它也是一柄双刃剑， 如果用不好，系统非但提升不大，或者没有提升，而且还会带来多线程之间的调试时等问题。<br/>　　在多线程中内容有很多，只是简单说明一下Java中初步使用多线程需要掌握的知识点，以后有机会单独再详细介绍一些高级特性的使用场景。<br/>多线程的实现和启动<br/>callable 与 runable 区别<br/>syncrhoized ，reentrantLock 各自特点和比对<br/>线程池<br/>future 异步方式获取执行结果<br/>concurrent 包<br/>lock<br/>..<br/><br/>　　14.网络<br/>　　Java中也是提供了可以直接操作 TCP协议、UDP协议的API。在需要强调网络性能的情况下，可以直接使用TCP/UDP 进行通讯。在查看Tomcat等的源码中，就可以看到这些相关API的使用情况。不过一般也比较少会直接使用TCP，会使用诸如MINA、Netty这样的框架来进行处理，因为这个方面的开发涉及不多，所以就不再详细罗列了。<br/><br/>　　15.时间日期处理<br/>　　几乎对于每个应用来说，时间日期的处理也是绕不过去的，但是JDK8 之前的时间相关API用法并不友好。在那个时代，可以选择Joda等时间框架。到了JDK8 发布之后，全新的时间API基本融合了其他框架的优点，已经可以很好的直接使用了。<br/>　　对于Java开发者来说，需要熟练地使用API来对时间和日期做相关的处理。<br/>　　具体知识点不再罗列，会在以后再写个专门的文章来总结一下JDK8中时间日期API的用法。<br/><br/>　　16.XML解析/ JSON解析<br/>　　其实这两块内容都不是J2SE里面的内容，但是在日常开发中，和其他程序交互，和配置文件交互，越来越离不开这两种格式的解析。<br/>　　不过对于一个开发者来说，能够了解一些XML/JSON具体解析的原理和方法，有助于你在各个具体的场景中更好的选择合适你的方式来使得你的程序更有效率和更加健壮。<br/>　　XML： 需要了解 DOM解析和 SAX解析的基本原理和各自的适用场景<br/>　　JSON： 需要了解一些常用JSON框架的用法， 如 Jackson， FastJson， Gson 等。。<br/><br/>　　17.Maven的使用<br/>　　Maven也不是Java里面的内容，但是maven是革命性的，给java开发带来了巨大的便利。从依赖的引入和管理，开发流程的更新和发布产出，乃至版本的更新，使用maven可以大大简化开发过程中的复杂度，从而节省大量时间。可以说，maven已经成为java开发者的标配了。所以我把maven也作为一个java开发者对于基础必备的知识点。以后会再放上一些我的一些对于maven使用的经验和技巧等，这里就不再细说了。<br/><br/>　　18.泛型<br/>　　这是JDK5开始引入的新概念，其实是个语法糖，在编写java代码时会有些许便利， 一般的应用或者是业务的开发，只需要简单使用，不一定会用到定义泛型这样的操作， 但是开发一些基础公共组件会使用到，可以在需要的时候再细看这个部分，一般情况下只要会简单使用即可。<br/><br/>　　19.标注<br/>　　也是jdk5 之后引入的。spring是个优秀的框架，最开始就以xml作为标准的配置文件。不过到了Spring3 之后，尤其是 spring-boot 兴起之后，越来越推崇使用标注来简化xml配置文件了，对于开发者来说，可以节省不少xml配置的时间。但是劣势是在于标注散落在各个类中，不像xml，可以对所有配置有个全局性的理解和管理，所以还没有办法说完全就取代所有的xml。对于一般开发者，会使用标注即可，一些公共组建的开发者可能会需要了解标注的定义和实现，可以在具体需要的时候再细看。<br/><br/>　　20.RMI<br/>　　RemoteMethodInvocation ，Java语言特有的远程调用接口，使用还是比较简单方便。不过需要跨语言的情况下，就需要使用 webservice 等其他方式来支持。一般来说，程序都不需要使用RMI，不过可以在特定的情况下使用，我就在一个项目中，使用RMI来进行程序远程启动停止的控制。<br/><br/>　　21.JNI<br/>　　Java Native Interface，可以允许Java中调用本地接口方法，一般用于C/C++代码的调用。需要注意的是在java中加载so/dll文件的路径问题，本身调用接口并不复杂，但是经常在是否加载了所需的本地接口库中花费较多时间。<br/><br/>　　以上也只是简单介绍了下我对于这些java基本知识点和技术点的一些看法和介绍， 这些内容都源自于我这些年来使用java的一些总结， 希望给刚刚接触Java， 或者打算从Java开发的人一些经验， 希望能够更有效率地学习和使用java， 避免走了弯路浪费了宝贵的时间。这当中还有些内容不够完善的地方，会通过以后的文章再添加上。由于个人能力有限，当然其中也会有些错误和疏漏，欢迎指正，一起讨论，共同来把这篇文章再完善下，希望它可以真正帮助到有需要的人。<br/></p>',2,'分享',0,2,0,1,'2021-08-10 16:03:36','2021-08-10 16:03:36'),(5,2,'自主学习的困惑','<pre><code class=\"Bash\"><xmp>原文地址：https://bbs.csdn.net/topics/600406000</xmp></code></pre><p>大学学的是Java，但由于学的不扎实，实习找了份c#的工作。</p><p>平常工作也就稍微改一改代码，更多的是sqlserver跟sqllite的增删查改。</p><p>在这种情况下，想要自主学习，想请问一下各位大佬，是重新学习Java还是从头开始学习C#好一点。</p><p>注：Java已经五六个月没接触了，而且当时学的不扎实。</p>',4,'讨论',0,233,0,0,'2021-08-10 16:05:22','2021-08-10 16:05:22'),(6,2,'小白想学java该如何入手学习？？求有经验大佬告知。','<pre><code class=\"Bash\"><xmp>原文地址：https://bbs.csdn.net/topics/600398682</xmp></code></pre><p>毕业出来半年，目前在广州做着php，感觉前途不算大。目前想转java，但又不知道如何入手。<br/></p>',1,'提问',0,84,0,0,'2021-08-10 16:06:13','2021-08-10 16:06:13'),(7,2,'高性能的内存数据库（关系型）会不会对Java开发产生影响？','<pre><code class=\"Bash\"><xmp>原文地址：https://bbs.csdn.net/topics/600338509</xmp></code></pre><p>Java开发里很多类似共享，锁，队列的问题都在应用层用Java代码解决，但数据库层一般也是可以提供这样的功能的，如果直接用数据库带的锁功能，代码可以简化很多（比如可以不用考虑锁的问题），数据库的一个缺点是IO读写慢，不过现在也有纯内存级数据库，只是目前还不普及，只是在大公司的企业级系统里才会见到。</p><p>如果数据库性能能够得到极大的提升，是不是可以极大地简化Java开发代码复杂度？</p>',1,'提问',0,2,1,0,'2021-08-10 16:07:23','2021-08-10 16:07:23'),(8,2,'使用 Lambda 的一些疑惑','<pre><code class=\"Bash\"><xmp>原文地址：https://bbs.csdn.net/topics/600333260</xmp></code></pre><p>开始使用 Lambda 时觉得很爽， 代码结构简单了，代码量减少了。但是时间久了就遇到一些问题（以上主要是针对一些复杂的代码逻辑，不可否认如果是简单逻辑代码的话没有上述问题）</p><p>1)Lambda 改变了自己的编程风格，以前设计虑面向对象（我个人觉得这种更偏向业务流程）， Lambda 使用后变流式风格（这种更偏向数据处理）。如果根据《重构》提到的原则为标准， 使用Lambda 后我的代码结构越来越烂了。</p><p>2)Lambda 本身的一些推断处理，有时候会让理解代码很困难， 更不用说去理解其他人的代码了。敏捷开发和极限编程中都提到不写设计文档使用代码来表示需求。 Lambda被使用后，根据代码理解业务更困难了。 现在读别人写的代码我就头疼。 原罪：自己可写Lambda ，但不想别人写</p><p>欢迎大家讨论，说说自己的想法 。有没有我相同的困惑， 工作中如何取舍呢</p>',4,'讨论',0,0,0,0,'2021-08-10 16:08:26','2021-08-10 16:08:26'),(9,3,'36 个 Java 教程和练手项目列表','<p>下面是根据现有资源整理的 Java 学习路径，包含 ：</p><p>Java 基础 --&gt;&gt; Web 基础 --&gt;&gt; Java Web 框架 --&gt;&gt; 基础项目 --&gt;&gt; 进阶项目 等36个大大小小的学习项目</p><p>你将逐步深入，并学习用 Java 开发计算器、博客、代码编辑器、支付平台、人事管理系统等项目……</p><p>关于这 34 个练手项目：学习任何语言，最终都是通过实际动手操作来内化、巩固知识的；希望你能选一个感兴趣的项目，亲手把它实现出来！</p><h2>Java 基础</h2><ol><li><a href=\"https://www.lanqiao.cn/courses/1230\" target=\"_blank\">Java 简明教程</a></li><li><a href=\"https://www.lanqiao.cn/courses/100\" target=\"_blank\">Java 设计模式详解</a></li><li><a href=\"https://www.lanqiao.cn/courses/109\" target=\"_blank\">JDK 基础入门</a></li><li><a href=\"https://www.lanqiao.cn/courses/9\" target=\"_blank\">MySQL 基础课程</a></li><li><a href=\"https://www.lanqiao.cn/courses/90\" target=\"_blank\">正则表达式基础入门</a></li><li><a href=\"https://www.lanqiao.cn/courses/110\" target=\"_blank\">JDBC 入门教程</a></li><li><a href=\"https://www.lanqiao.cn/courses/539\" target=\"_blank\">Java 函数式编程</a></li><li><a href=\"https://www.lanqiao.cn/courses/362\" target=\"_blank\">J2SE 网络通信基础入门</a></li></ol><h2>Web 基础</h2><ol><li><a href=\"https://www.lanqiao.cn/courses/43\" target=\"_blank\">HTML5 简明教程</a></li><li><a href=\"https://www.lanqiao.cn/courses/1237\" target=\"_blank\">CSS3 简明教程</a></li><li><a href=\"https://www.lanqiao.cn/courses/1238\" target=\"_blank\">JavaScript 基础入门</a></li></ol><h2>Java Web 框架</h2><ol><li><a href=\"https://www.lanqiao.cn/courses/32\" target=\"_blank\">Apache Struts 框架基础入门</a></li><li><a href=\"https://www.lanqiao.cn/courses/34\" target=\"_blank\">Hibernate 框架基础入门</a></li><li><a href=\"https://www.lanqiao.cn/courses/578\" target=\"_blank\">Spring 框架基础入门</a></li><li><a href=\"https://www.lanqiao.cn/courses/802\" target=\"_blank\">MyBatis 框架基础入门</a></li><li><a href=\"https://www.lanqiao.cn/courses/810\" target=\"_blank\">Spring MVC 基础入门</a></li><li><a href=\"https://www.lanqiao.cn/courses/1152\" target=\"_blank\">Spring Boot 入门教程</a></li><li><a href=\"https://www.lanqiao.cn/courses/1257\" target=\"_blank\">Netty 开发实战入门</a></li><li><a href=\"https://www.lanqiao.cn/courses/1274\" target=\"_blank\">23 个实验带你轻松玩转 Spring Boot</a></li></ol><h2>Java 基础项目</h2><ol><li><a href=\"https://www.lanqiao.cn/courses/185\" target=\"_blank\">Java 实现简单计算器</a></li><li><a href=\"https://www.lanqiao.cn/courses/260\" target=\"_blank\">Java 实现日记写作软件</a></li><li><a href=\"https://www.lanqiao.cn/courses/742\" target=\"_blank\">Java 实现在线协作文档</a></li><li><a href=\"https://www.lanqiao.cn/courses/287\" target=\"_blank\">Eclipse 实现 Java 编辑器</a></li><li><a href=\"https://www.lanqiao.cn/courses/817\" target=\"_blank\">SSM 框架基础入门</a></li><li><a href=\"https://www.lanqiao.cn/courses/704\" target=\"_blank\">Java 编写数独计算器</a></li></ol><h2>Java 进阶项目</h2><ol><li><a href=\"https://www.lanqiao.cn/courses/576\" target=\"_blank\">Java 实现简单支付业务流程</a></li><li><a href=\"https://www.lanqiao.cn/courses/588\" target=\"_blank\">Java Servlet 生成简单验证码图片</a></li><li><a href=\"https://www.lanqiao.cn/courses/824\" target=\"_blank\">SSM 搭建简易人事管理系统</a></li><li><a href=\"https://www.lanqiao.cn/courses/930\" target=\"_blank\">Java 实现个人博客网站</a></li><li><a href=\"https://www.lanqiao.cn/courses/875\" target=\"_blank\">Java 基于 SSM 实现简历生成</a></li><li><a href=\"https://www.lanqiao.cn/courses/1244\" target=\"_blank\">Spring Boot 入门及前后端分离项目实践</a></li><li><a href=\"https://www.lanqiao.cn/courses/1249\" target=\"_blank\">Spring Boot 实现健康管理系统（维护中）</a></li><li><a href=\"https://www.lanqiao.cn/courses/1405\" target=\"_blank\">Java Web 三级跳：SSM，SpringBoot 与前后端分离</a></li><li><a href=\"https://www.lanqiao.cn/courses/1360\" target=\"_blank\">Spring Cloud 与 Docker 实战</a></li><li><a href=\"https://www.lanqiao.cn/courses/4830\" target=\"_blank\">SpringBoot+Mybatis+Thymeleaf 搭建个人博客</a></li><li><a href=\"https://www.lanqiao.cn/courses/1346\" target=\"_blank\">SpringBoot 和 Vue.js 实现前后端分离的微人事系统</a></li></ol><blockquote><p><strong>学一门编程语言最好的时间是十年前，其次是现在。</strong></p></blockquote><p>分享一句话：</p><p>It\'s not what we do once in a while that shapes our lives. It\'s what we do consistently.</p><p><strong>我们过着的生活，是由那些持之以恒的事情造就的；而不是一时兴起、偶尔为之的新鲜刺激的事。</strong></p><p>加油。</p>',2,'分享',0,345,0,1,'2021-08-10 16:13:31','2021-08-10 16:13:31'),(10,3,'今天也要好好学习啊！','<p>加油~</p>',5,'动态',0,0,0,0,'2021-08-10 16:15:29','2021-08-10 16:15:29'),(11,3,'spring-boot框架实战项目','<h1>Spring Boot Projects</h1><p>该仓库中主要是 Spring Boot 的入门学习教程以及一些常用的 Spring Boot 实战项目教程，包括 Spring Boot 使用的各种示例代码，同时也包括一些实战项目的项目源码和效果展示，实战项目包括基本的 web 开发以及目前大家普遍使用的前后端分离实践项目等，后续会根据大家的反馈继续增加一些实战项目源码，摆脱各种 hello world 入门案例的束缚，真正的掌握 Spring Boot 开发。</p><h2><a href=\"https://gitee.com/zhenfeng13/spring-boot-projects#%E9%A1%B9%E7%9B%AE%E5%AF%BC%E8%88%AA\"></a>项目导航</h2><p><a href=\"https://github.com/ZHENFENG13/spring-boot-projects/tree/master/SpringBoot%E5%85%A5%E9%97%A8%E6%A1%88%E4%BE%8B%E6%BA%90%E7%A0%81\">Spring Boot 入门小案例</a>&nbsp;|&nbsp;<a href=\"https://github.com/ZHENFENG13/spring-boot-projects/tree/master/SpringBoot%E5%85%A5%E9%97%A8%E6%A1%88%E4%BE%8B%E6%BA%90%E7%A0%81\">Spring Boot 入门小案例</a>&nbsp;|&nbsp;<a href=\"https://github.com/ZHENFENG13/spring-boot-projects/tree/master/%E7%8E%A9%E8%BD%ACSpringBoot%E7%B3%BB%E5%88%97%E6%A1%88%E4%BE%8B%E6%BA%90%E7%A0%81\">Spring Boot 整合案例系列2</a>&nbsp;|&nbsp;<a href=\"https://github.com/ZHENFENG13/spring-boot-projects/tree/master/SpringBoot%E5%89%8D%E5%90%8E%E7%AB%AF%E5%88%86%E7%A6%BB%E5%AE%9E%E6%88%98%E9%A1%B9%E7%9B%AE%E6%BA%90%E7%A0%81\">Spring Boot 前后端分离项目实践</a>&nbsp;|&nbsp;<a href=\"https://github.com/ZHENFENG13/spring-boot-projects/tree/master/SpringBoot%E5%92%A8%E8%AF%A2%E5%8F%91%E5%B8%83%E7%B3%BB%E7%BB%9F%E5%AE%9E%E6%88%98%E9%A1%B9%E7%9B%AE%E6%BA%90%E7%A0%81\">Spring Boot 咨询发布系统项目实践</a>&nbsp;&nbsp;| &nbsp;<a href=\"https://github.com/ZHENFENG13/My-Blog\">Spring Boot + Mybatis + Thymeleaf 实现的开源博客系统</a>&nbsp;|&nbsp;<a href=\"https://github.com/ZHENFENG13/My-Column\">Spring Boot + Mybatis + Thymeleaf 仿知乎专栏项目</a>&nbsp;|&nbsp;<a href=\"https://github.com/ZHENFENG13/My-Blog-layui\">Spring Boot + layui 实现的后台管理系统</a>&nbsp;&nbsp;| &nbsp;<a href=\"https://github.com/newbee-ltd/newbee-mall\">Spring Boot 大型商城项目实践</a>&nbsp;| &nbsp;<a href=\"https://github.com/newbee-ltd/newbee-mall-vue-app\">Spring Boot + Vue 前后端分离商城项目</a>&nbsp;| &nbsp;<a href=\"https://github.com/newbee-ltd/newbee-mall-vue3-app\">Spring Boot + Vue3 前后端分离商城项目</a>&nbsp;| &nbsp;<a href=\"https://github.com/ZHENFENG13/spring-boot-projects\">Github地址</a>&nbsp;&nbsp;| &nbsp;<a href=\"https://gitee.com/zhenfeng13/spring-boot-projects\">码云 Gitee 地址</a></p><p><strong>目前代码中使用的 Spring Boot 版本为 2.3.7.RELEASE 及以上版本，请知悉。</strong></p><hr/><h4><a href=\"https://gitee.com/zhenfeng13/spring-boot-projects#%E9%A1%B9%E7%9B%AE%E6%BC%94%E7%A4%BA\"></a>项目演示</h4><ul><li><a href=\"https://www.bilibili.com/video/av52551579\">Spring Boot 前后端分离项目预览</a></li><li><a href=\"https://www.bilibili.com/video/av52551450\">Spring Boot 咨询发布系统项目预览</a></li><li><a href=\"https://www.bilibili.com/video/av52551095\">Spring Boot 开源博客系统预览</a></li><li><a href=\"https://edu.csdn.net/course/play/26258/326466\">Spring Boot 商城项目总览</a></li><li><a href=\"https://edu.csdn.net/course/play/26258/326467\">Spring Boot 商城系统介绍</a></li><li><a href=\"https://edu.csdn.net/course/play/26258/328801\">Spring Boot 商城后台管理系统介绍</a></li></ul><hr/><h4><a href=\"https://gitee.com/zhenfeng13/spring-boot-projects#spring-boot-%E5%AE%9E%E6%88%98%E9%A1%B9%E7%9B%AE%E6%BA%90%E7%A0%81\"></a>Spring Boot 实战项目源码</h4><ul><li><a href=\"https://github.com/ZHENFENG13/spring-boot-projects/tree/master/SpringBoot%E5%89%8D%E5%90%8E%E7%AB%AF%E5%88%86%E7%A6%BB%E5%AE%9E%E6%88%98%E9%A1%B9%E7%9B%AE%E6%BA%90%E7%A0%81/spring-boot-project-front-end&amp;back-end\">前后端分离项目</a></li><li><a href=\"https://github.com/ZHENFENG13/spring-boot-projects/tree/master/SpringBoot%E5%92%A8%E8%AF%A2%E5%8F%91%E5%B8%83%E7%B3%BB%E7%BB%9F%E5%AE%9E%E6%88%98%E9%A1%B9%E7%9B%AE%E6%BA%90%E7%A0%81/springboot-project-news-publish-system\">咨询发布项目</a></li><li><a href=\"https://github.com/ZHENFENG13/My-Blog\">博客系统</a></li><li><a href=\"https://github.com/ZHENFENG13/My-Column\">仿知乎专栏项目</a></li><li><a href=\"https://github.com/ZHENFENG13/My-Blog-layui\">Spring Boot + layui 实现的后台管理系统</a></li><li><a href=\"https://github.com/newbee-ltd/newbee-mall\">Spring Boot 大型商城项目</a></li><li><a href=\"https://github.com/newbee-ltd/newbee-mall-vue-app\">Spring Boot + Vue 前后端分离商城项目</a></li><li><a href=\"https://github.com/newbee-ltd/newbee-mall-vue3-app\">Spring Boot + Vue3 前后端分离商城项目</a></li></ul><hr/><h2><a href=\"https://gitee.com/zhenfeng13/spring-boot-projects#spring-boot-%E5%9F%BA%E7%A1%80%E4%BD%BF%E7%94%A8%E6%A1%88%E4%BE%8B\"></a>Spring Boot 基础使用案例</h2><p><strong>示例代码</strong></p><ul><li><a href=\"https://github.com/ZHENFENG13/spring-boot-projects/tree/master/SpringBoot%E5%85%A5%E9%97%A8%E6%A1%88%E4%BE%8B%E6%BA%90%E7%A0%81/spring-boot-helloworld\">spring-boot-hello</a>：Spring Boot 第一个案例代码</li><li><a href=\"https://github.com/ZHENFENG13/spring-boot-projects/tree/master/%E7%8E%A9%E8%BD%ACSpringBoot%E7%B3%BB%E5%88%97%E6%A1%88%E4%BE%8B%E6%BA%90%E7%A0%81/spring-boot-logging\">spring-boot-logging</a>：Spring Boot 基础开发之日志输出案例</li><li><a href=\"https://github.com/ZHENFENG13/spring-boot-projects/tree/master/%E7%8E%A9%E8%BD%ACSpringBoot%E7%B3%BB%E5%88%97%E6%A1%88%E4%BE%8B%E6%BA%90%E7%A0%81/spring-boot-test\">spring-boot-test</a>：Spring Boot 基础开发之单元测试案例</li><li><a href=\"https://github.com/ZHENFENG13/spring-boot-projects/tree/master/SpringBoot%E5%85%A5%E9%97%A8%E6%A1%88%E4%BE%8B%E6%BA%90%E7%A0%81/spring-boot-static-resources\">spring-boot-static-resources</a>：Spring Boot 基础开发之静态资源处理案例</li><li><a href=\"https://github.com/ZHENFENG13/spring-boot-projects/tree/master/SpringBoot%E5%85%A5%E9%97%A8%E6%A1%88%E4%BE%8B%E6%BA%90%E7%A0%81/spring-boot-ajax\">spring-boot-ajax</a>：Spring Boot 项目实践之 Ajax 技术使用教程</li><li><a href=\"https://github.com/ZHENFENG13/spring-boot-projects/tree/master/%E7%8E%A9%E8%BD%ACSpringBoot%E7%B3%BB%E5%88%97%E6%A1%88%E4%BE%8B%E6%BA%90%E7%A0%81/spring-boot-message-converter\">spring-boot-message-converter</a>：Spring Boot 基础开发之消息转换器案例</li><li><a href=\"https://github.com/ZHENFENG13/spring-boot-projects/tree/master/SpringBoot%E5%85%A5%E9%97%A8%E6%A1%88%E4%BE%8B%E6%BA%90%E7%A0%81/spring-boot-jdbc\">spring-boot-jdbc</a>：Spring Boot 连接数据库以及在 Spring Boot 项目中操作数据库</li><li><a href=\"https://github.com/ZHENFENG13/spring-boot-projects/tree/master/%E7%8E%A9%E8%BD%ACSpringBoot%E7%B3%BB%E5%88%97%E6%A1%88%E4%BE%8B%E6%BA%90%E7%A0%81/spring-boot-druid\">spring-boot-druid</a>：Spring Boot 中使用自定义 Druid 数据源案例</li><li><a href=\"https://github.com/ZHENFENG13/spring-boot-projects/tree/master/SpringBoot%E5%85%A5%E9%97%A8%E6%A1%88%E4%BE%8B%E6%BA%90%E7%A0%81/spring-boot-mybatis\">spring-boot-mybatis</a>：Spring Boot 整合 MyBatis 操作数据库案例</li><li><a href=\"https://github.com/ZHENFENG13/spring-boot-projects/tree/master/%E7%8E%A9%E8%BD%ACSpringBoot%E7%B3%BB%E5%88%97%E6%A1%88%E4%BE%8B%E6%BA%90%E7%A0%81/spring-boot-transaction\">spring-boot-transaction</a>：Spring Boot 中的事务处理案例</li><li><a href=\"https://github.com/ZHENFENG13/spring-boot-projects/tree/master/%E7%8E%A9%E8%BD%ACSpringBoot%E7%B3%BB%E5%88%97%E6%A1%88%E4%BE%8B%E6%BA%90%E7%A0%81/spring-boot-redis\">spring-boot-redis</a>：Spring Boot 整合 Redis 操作缓存模块</li><li><a href=\"https://github.com/ZHENFENG13/spring-boot-projects/tree/master/%E7%8E%A9%E8%BD%ACSpringBoot%E7%B3%BB%E5%88%97%E6%A1%88%E4%BE%8B%E6%BA%90%E7%A0%81/spring-boot-schedule\">spring-boot-schedule</a>：Spring Boot 项目开发之@Scheduled实现定时任务案例</li><li><a href=\"https://github.com/ZHENFENG13/spring-boot-projects/tree/master/%E7%8E%A9%E8%BD%ACSpringBoot%E7%B3%BB%E5%88%97%E6%A1%88%E4%BE%8B%E6%BA%90%E7%A0%81/spring-boot-quartz\">spring-boot-quartz</a>：Spring Boot 项目开发之Quartz定时任务案例</li><li><a href=\"https://github.com/ZHENFENG13/spring-boot-projects/tree/master/%E7%8E%A9%E8%BD%ACSpringBoot%E7%B3%BB%E5%88%97%E6%A1%88%E4%BE%8B%E6%BA%90%E7%A0%81/spring-boot-error-page\">spring-boot-error-page</a>：Spring Boot 自定义错误页面案例</li><li><a href=\"https://github.com/ZHENFENG13/spring-boot-projects/tree/master/%E7%8E%A9%E8%BD%ACSpringBoot%E7%B3%BB%E5%88%97%E6%A1%88%E4%BE%8B%E6%BA%90%E7%A0%81/spring-boot-swagger\">spring-boot-swagger</a>：Spring Boot 集成 Swagger 生成接口文档案例</li><li><a href=\"https://github.com/ZHENFENG13/spring-boot-projects/tree/master/SpringBoot%E5%85%A5%E9%97%A8%E6%A1%88%E4%BE%8B%E6%BA%90%E7%A0%81/spring-boot-file-upload\">spring-boot-file-upload</a>：Spring Boot 处理文件上传及路径回显</li><li><a href=\"https://github.com/ZHENFENG13/spring-boot-projects/tree/master/SpringBoot%E5%85%A5%E9%97%A8%E6%A1%88%E4%BE%8B%E6%BA%90%E7%A0%81/spring-boot-RESTful-api\">spring-boot-RESTful-api</a>&nbsp;：Spring Boot 项目实践之 RESTful API 设计与实现</li><li><a href=\"https://github.com/ZHENFENG13/spring-boot-projects/tree/master/%E7%8E%A9%E8%BD%ACSpringBoot%E7%B3%BB%E5%88%97%E6%A1%88%E4%BE%8B%E6%BA%90%E7%A0%81/spring-boot-web-jsp\">spring-boot-web-jsp</a>&nbsp;：Spring Boot 整合 JSP 开发 web 项目</li><li><a href=\"https://github.com/ZHENFENG13/spring-boot-projects/tree/master/%E7%8E%A9%E8%BD%ACSpringBoot%E7%B3%BB%E5%88%97%E6%A1%88%E4%BE%8B%E6%BA%90%E7%A0%81/spring-boot-web-thymeleaf\">spring-boot-web-thymeleaf</a>&nbsp;：Spring Boot 整合 Thymeleaf 案例</li><li><a href=\"https://github.com/ZHENFENG13/spring-boot-projects/tree/master/%E7%8E%A9%E8%BD%ACSpringBoot%E7%B3%BB%E5%88%97%E6%A1%88%E4%BE%8B%E6%BA%90%E7%A0%81/spring-boot-web-thymeleaf-syntax\">spring-boot-web-thymeleaf-syntax</a>&nbsp;：Thymeleaf 语法详解</li><li><a href=\"https://github.com/ZHENFENG13/spring-boot-projects/tree/master/%E7%8E%A9%E8%BD%ACSpringBoot%E7%B3%BB%E5%88%97%E6%A1%88%E4%BE%8B%E6%BA%90%E7%A0%81/spring-boot-web-freemarker\">spring-boot-web-freemarker</a>&nbsp;：Spring Boot 整合 FreeMarker 案例</li><li><a href=\"https://github.com/ZHENFENG13/spring-boot-projects/tree/master/%E7%8E%A9%E8%BD%ACSpringBoot%E7%B3%BB%E5%88%97%E6%A1%88%E4%BE%8B%E6%BA%90%E7%A0%81/spring-boot-admin\">spring-boot-admin</a>&nbsp;：Spring Boot Admin 整合使用案例</li></ul><p>这些案例主要是为了让大家能够掌握 Spring Boot 的开发和使用，旨在让读者更加熟悉 Spring Boot 及企业开发中需要注意的事项并具有使用 Spring Boot 技术进行大部分企业项目功能开发的能力。</p><p>关注公众号：<strong>程序员十三</strong>，回复\"勾搭\"进群交流。</p><p><img src=\"https://newbee-mall.oss-cn-beijing.aliyuncs.com/wx-gzh/%E7%A8%8B%E5%BA%8F%E5%91%98%E5%8D%81%E4%B8%89-%E5%85%AC%E4%BC%97%E5%8F%B7.png\" alt=\"wx-gzh\"/></p><hr/><h2><a href=\"https://gitee.com/zhenfeng13/spring-boot-projects#%E5%BC%80%E5%8F%91%E6%96%87%E6%A1%A3\"></a>开发文档</h2><h3><a href=\"https://gitee.com/zhenfeng13/spring-boot-projects#springboot--mybatis--thymeleaf-%E6%90%AD%E5%BB%BA%E7%BE%8E%E8%A7%82%E5%AE%9E%E7%94%A8%E7%9A%84%E4%B8%AA%E4%BA%BA%E5%8D%9A%E5%AE%A2%E6%94%AF%E4%BB%98%E5%87%8F%E5%85%8D%E4%BC%98%E6%83%A0%E5%88%B8%E7%A0%81-lsjdk3kt-\"></a>《SpringBoot + Mybatis + Thymeleaf 搭建美观实用的个人博客》(支付减免优惠券码 LSJdK3KT )</h3><p><a href=\"https://www.lanqiao.cn/courses/4830\"><img src=\"https://newbee-mall.oss-cn-beijing.aliyuncs.com/poster/store/lesson-03.png\" alt=\"lesson-03\"/></a></p><ul><li><a href=\"https://www.lanqiao.cn/courses/4830\"><strong>第01课：Spring Boot 搭建简洁实用的个人博客系统导读</strong></a></li><li><a href=\"https://www.lanqiao.cn/courses/4830\">第02课：快速构建 Spring Boot 应用</a></li><li><a href=\"https://www.lanqiao.cn/courses/4830\">第03课：Spring Boot 项目开发之web项目开发讲解</a></li><li><a href=\"https://www.lanqiao.cn/courses/4830\">第04课：Spring Boot 整合 Thymeleaf 模板引擎</a></li><li><a href=\"https://www.lanqiao.cn/courses\">第05课：Spring Boot 处理文件上传及路径回显</a></li><li><a href=\"https://www.lanqiao.cn/courses/4830\">第06课：Spring Boot 自动配置数据源及操作数据库</a></li><li><a href=\"https://www.lanqiao.cn/courses/4830\">第07课：Spring Boot 整合 MyBatis 操作数据库</a></li><li><a href=\"https://www.lanqiao.cn/courses/4830\">第08课：Mybatis-Generator 自动生成代码</a></li><li><a href=\"https://www.lanqiao.cn/courses/4830\">第09课：Spring Boot 中的事务处理</a></li><li><a href=\"https://www.lanqiao.cn/courses/4830\">第10课：Spring Boot 项目实践之 Ajax 技术使用教程</a></li><li><a href=\"https://www.lanqiao.cn/courses/4830\">第11课：Spring Boot 项目实践之 RESTful API 设计与实现</a></li><li><a href=\"https://www.lanqiao.cn/courses/4830\">第12课：Spring Boot 博客系统项目开发之分页功能实现</a></li><li><a href=\"https://www.lanqiao.cn/courses/4830\">第13课：Spring Boot 博客系统项目开发之验证码功能</a></li><li><a href=\"https://www.lanqiao.cn/courses/4830\">第14课：Spring Boot 博客系统项目开发之登录模块实现</a></li><li><a href=\"https://www.lanqiao.cn/courses/4830\">第15课：Spring Boot 博客系统项目开发之登陆拦截器</a></li><li><a href=\"https://www.lanqiao.cn/courses/4830\">第16课：Spring Boot 博客系统项目开发之分类功能实现</a></li><li><a href=\"https://www.lanqiao.cn/courses/4830\">第17课：Spring Boot 博客系统项目开发之标签功能实现</a></li><li><a href=\"https://www.lanqiao.cn/courses/4830\">第18课：Spring Boot 博客系统项目开发之文章编辑功能</a></li><li><a href=\"https://www.lanqiao.cn/courses/4830\">第19课：Spring Boot 博客系统项目开发之文章编辑完善</a></li><li><a href=\"https://www.lanqiao.cn/courses/4830\">第20课：Spring Boot 博客系统项目开发之文章模块实现</a></li><li><a href=\"https://www.lanqiao.cn/courses/4830\">第21课：Spring Boot 博客系统项目开发之友链模块实现</a></li><li><a href=\"https://www.lanqiao.cn/courses/4830\">第22课：Spring Boot 博客系统项目开发之网站首页制作</a></li><li><a href=\"https://www.lanqiao.cn/courses/4830\">第23课：Spring Boot 博客系统项目开发之分页及侧边栏制作</a></li><li><a href=\"https://www.lanqiao.cn/courses/4830\">第24课：Spring Boot 博客系统项目开发之搜索页面制作</a></li><li><a href=\"https://www.lanqiao.cn/courses/4830\">第25课：Spring Boot 博客系统项目开发之文章详情页制作</a></li><li><a href=\"https://www.lanqiao.cn/courses/4830\">第26课：Spring Boot 博客系统项目开发之错误页面制作</a></li><li><a href=\"https://www.lanqiao.cn/courses/4830\">第27课：Spring Boot 博客系统项目开发之评论功能实现</a></li><li><a href=\"https://www.lanqiao.cn/courses/4830\">第28课：Spring Boot 博客系统项目开发之项目打包部署</a></li></ul><h3><a href=\"https://gitee.com/zhenfeng13/spring-boot-projects#springboot--mybatis--thymeleaf-%E4%B8%93%E6%A0%8F%E9%A1%B9%E7%9B%AE%E5%BC%80%E5%8F%91%E5%AE%9E%E6%88%98%E6%94%AF%E4%BB%98%E5%87%8F%E5%85%8D%E4%BC%98%E6%83%A0%E5%88%B8%E7%A0%81-nzif4dn9-\"></a>《SpringBoot + Mybatis + Thymeleaf 专栏项目开发实战》(支付减免优惠券码 nZiF4DN9 )</h3><p><a href=\"https://www.shiyanlou.com/courses/3228\"><img src=\"https://newbee-mall.oss-cn-beijing.aliyuncs.com/poster/store/lesson-08.png\" alt=\"lesson-08\"/></a></p><ul><li><a href=\"https://www.shiyanlou.com/courses/3228\"><strong>第01课：Spring Boot 项目开发环境</strong></a></li><li><a href=\"https://www.shiyanlou.com/courses/3228\">第02课：快速构建 Spring Boot 应用</a></li><li><a href=\"https://www.shiyanlou.com/courses/3228\">第03课：Spring Boot 项目开发之Web项目开发讲解</a></li><li><a href=\"https://www.shiyanlou.com/courses/3228\">第04课：Spring Boot 整合 Thymeleaf 模板引擎</a></li><li><a href=\"https://www.shiyanlou.com/courses/3228\">第05课：Thymeleaf 语法详解 语法详解</a></li><li><a href=\"https://www.shiyanlou.com/courses/3228\">第06课：Spring Boot 自动配置数据源及操作数据库</a></li><li><a href=\"https://www.shiyanlou.com/courses/3228\">第07课：Spring Boot 整合 MyBatis 操作数据库</a></li><li><a href=\"https://www.shiyanlou.com/courses/3228\">第08课：Spring Boot 项目开发之验证码功能</a></li><li><a href=\"https://www.shiyanlou.com/courses/3228\">第09课：项目开发之用户注册模块实现</a></li><li><a href=\"https://www.shiyanlou.com/courses/3228\">第10课：项目开发之用户登录模块实现</a></li><li><a href=\"https://www.shiyanlou.com/courses/3228\">第11课：项目开发之用户登录拦截器</a></li><li><a href=\"https://www.shiyanlou.com/courses/3228\">第12课：项目实战之处理文件上传及路径回显</a></li><li><a href=\"https://www.shiyanlou.com/courses/3228\">第13课：项目实战之个人中心页面制作</a></li><li><a href=\"https://www.shiyanlou.com/courses/3228\">第14课：项目实战之专栏模块开发</a></li><li><a href=\"https://www.shiyanlou.com/courses/3228\">第15课：富文本编辑器 wangEditor 整合</a></li><li><a href=\"https://www.shiyanlou.com/courses/3228\">第16课：项目实战之文章发布功能开发</a></li><li><a href=\"https://www.shiyanlou.com/courses/3228\">第17课：项目实战之文章列表及详情功能开发</a></li><li><a href=\"https://www.shiyanlou.com/courses/3228\">第18课：项目实战之文章修改功能开发</a></li></ul><h3><a href=\"https://gitee.com/zhenfeng13/spring-boot-projects#spring-boot-%E5%89%8D%E5%90%8E%E7%AB%AF%E5%88%86%E7%A6%BB%E9%A1%B9%E7%9B%AE%E5%AE%9E%E8%B7%B5%E8%AF%BE%E7%A8%8B%E7%9B%AE%E5%BD%95%E6%94%AF%E4%BB%98%E5%87%8F%E5%85%8D%E4%BC%98%E6%83%A0%E5%88%B8%E7%A0%81-y6tpsok7-\"></a>《Spring Boot 前后端分离项目实践》课程目录(支付减免优惠券码 y6tPSOK7 )</h3><p><a href=\"https://www.lanqiao.cn/courses/1244\"><img src=\"https://newbee-mall.oss-cn-beijing.aliyuncs.com/poster/store/lesson-01.png\" alt=\"lesson-01\"/></a></p><ul><li><a href=\"https://www.lanqiao.cn/courses/1244\"><strong>开篇词：SpringBoot入门及前后端分离项目实践导读</strong></a></li><li><a href=\"https://www.lanqiao.cn/courses/1244\">第02课：快速认识 Spring Boot 技术栈</a></li><li><a href=\"https://www.lanqiao.cn/courses/1244\">第03课：开发环境搭建</a></li><li><a href=\"https://www.lanqiao.cn/courses/1244\">第04课：快速构建 Spring Boot 应用</a></li><li><a href=\"https://www.lanqiao.cn/courses\">第05课：Spring Boot 之基础 web 功能开发</a></li><li><a href=\"https://www.lanqiao.cn/courses/1244\">第06课：Spring Boot 之数据库连接操作</a></li><li><a href=\"https://www.lanqiao.cn/courses/1244\">第07课：Spring Boot 整合 MyBatis 操作数据库</a></li><li><a href=\"https://www.lanqiao.cn/courses/1244\">第08课：Spring Boot 处理文件上传及路径回显</a></li><li><a href=\"https://www.lanqiao.cn/courses/1244\">第09课：Spring Boot 项目实践之前后端分离详解</a></li><li><a href=\"https://www.lanqiao.cn/courses/1244\">第10课：Spring Boot 项目实践之 Ajax 技术使用教程</a></li><li><a href=\"https://www.lanqiao.cn/courses/1244\">第11课：Spring Boot 项目实践之 RESTful API 设计与实现</a></li><li><a href=\"https://www.lanqiao.cn/courses/1244\">第12课：Spring Boot 项目实践之登录模块实现</a></li><li><a href=\"https://www.lanqiao.cn/courses/1244\">第13课：Spring Boot 项目实践之分页功能实现</a></li><li><a href=\"https://www.lanqiao.cn/courses/1244\">第14课：Spring Boot 项目实践之 jqgrid 分页整合</a></li><li><a href=\"https://www.lanqiao.cn/courses/1244\">第15课：Spring Boot 项目实践之用户编辑功能实现</a></li><li><a href=\"https://www.lanqiao.cn/courses/1244\">第16课：Spring Boot 项目实践之用户管理模块实现</a></li><li><a href=\"https://www.lanqiao.cn/courses/1244\">第17课：Spring Boot 项目实践之图片管理模块</a></li><li><a href=\"https://www.lanqiao.cn/courses/1244\">第18课：Spring Boot 项目实践之信息管理模块实现</a></li></ul><h3><a href=\"https://gitee.com/zhenfeng13/spring-boot-projects#23-%E4%B8%AA%E5%AE%9E%E9%AA%8C%E5%B8%A6%E4%BD%A0%E8%BD%BB%E6%9D%BE%E7%8E%A9%E8%BD%AC-spring-boot%E8%AF%BE%E7%A8%8B%E7%9B%AE%E5%BD%95%E6%94%AF%E4%BB%98%E5%87%8F%E5%85%8D%E4%BC%98%E6%83%A0%E5%88%B8%E7%A0%81-s0n2dsd2-\"></a>《23 个实验带你轻松玩转 Spring Boot》课程目录(支付减免优惠券码 S0N2dSD2 )</h3><p><a href=\"https://www.lanqiao.cn/courses/1274\"><img src=\"https://newbee-mall.oss-cn-beijing.aliyuncs.com/poster/store/lesson-02.png\" alt=\"lesson-02\"/></a></p><ul><li><a href=\"https://www.lanqiao.cn/courses/1274\"><strong>开篇词：《23 个实验带你轻松玩转 Spring Boot》导读</strong></a></li><li><a href=\"https://www.lanqiao.cn/courses/1274\">第02课：Spring Boot 项目开发环境搭建</a></li><li><a href=\"https://www.lanqiao.cn/courses/1274\">第03课：快速构建 Spring Boot 应用</a></li><li><a href=\"https://www.lanqiao.cn/courses/1274\">第04课：Spring Boot 基础功能开发</a></li><li><a href=\"https://www.lanqiao.cn/courses/1274\">第05课：Spring Boot 项目开发之 web 项目开发讲解</a></li><li><a href=\"https://www.lanqiao.cn/courses/1274\">第06课：Spring Boot 整合 JSP 开发 web 项目</a></li><li><a href=\"https://www.lanqiao.cn/courses/1274\">第07课：模板引擎介绍及 Spring Boot 整合 Thymeleaf</a></li><li><a href=\"https://www.lanqiao.cn/courses/1274\">第08课：Thymeleaf 语法详解</a></li><li><a href=\"https://www.lanqiao.cn/courses/1274\">第09课：FreeMarker 模板引擎整合使用教程</a></li><li><a href=\"https://www.lanqiao.cn/courses/1274\">第10课：Spring Boot 处理文件上传及路径回显</a></li><li><a href=\"https://www.lanqiao.cn/courses/1274\">第11课：Spring Boot 自动配置数据源及操作数据库</a></li><li><a href=\"https://www.lanqiao.cn/courses/1274\">第12课：Spring Boot 整合 Druid 数据源</a></li><li><a href=\"https://www.lanqiao.cn/courses/1274\">第13课：Spring Boot 整合 MyBatis 操作数据库</a></li><li><a href=\"https://www.lanqiao.cn/courses/1274\">第14课：Spring Boot 中的事务处理</a></li><li><a href=\"https://www.lanqiao.cn/courses/1274\">第15课：Spring Boot 整合 Redis 操作缓存模块</a></li><li><a href=\"https://www.lanqiao.cn/courses/1274\">第16课：Spring Boot 项目开发之实现定时任务</a></li><li><a href=\"https://www.lanqiao.cn/courses/1274\">第17课：Spring Boot 自定义错误页面</a></li><li><a href=\"https://www.lanqiao.cn/courses/1274\">第18课：Spring Boot 集成 Swagger 生成接口文档</a></li><li><a href=\"https://www.lanqiao.cn/courses/1274\">第19课：Spring Boot 项目打包部署介绍</a></li><li><a href=\"https://www.lanqiao.cn/courses/1274\">第20课：Spring Boot Admin 介绍及整合使用</a></li><li><a href=\"https://www.lanqiao.cn/courses/1274\">第21课：Spring Boot 资讯管理信息系统开发实战(一)</a></li><li><a href=\"https://www.lanqiao.cn/courses/1274\">第22课：Spring Boot 资讯管理信息系统开发实战(二)</a></li><li><a href=\"https://www.lanqiao.cn/courses/1274\">第23课：Spring Boot 资讯管理信息系统开发实战(三)</a></li><li><a href=\"https://www.lanqiao.cn/courses/1274\">第24课：Spring Boot 资讯管理信息系统开发实战(四)</a></li></ul><hr/><h2><a href=\"https://gitee.com/zhenfeng13/spring-boot-projects#%E4%BA%A4%E6%B5%81\"></a>交流</h2><blockquote><p>大家有任何问题或者建议都可以在&nbsp;<a href=\"https://github.com/ZHENFENG13/spring-boot-projects/issues\">issues</a>&nbsp;中反馈给我，我会慢慢完善这个 Spring Boot 仓库。</p></blockquote><ul><li>我的邮箱：<a href=\"mailto:2449207463@qq.com\">2449207463@qq.com</a></li><li>QQ技术交流群：719099151 796794009</li></ul>',2,'分享',0,10,2,2,'2021-08-10 16:17:05','2021-08-10 16:17:05'),(12,2,'good good study','<p>day day up</p>',5,'动态',0,547,0,0,'2021-08-10 16:18:06','2021-08-10 16:18:06'),(13,2,'作为程序员，听到的最多的词就是“bug”吧','<pre><code class=\"Bash\"><xmp>原文地址：https://www.lanqiao.cn/questions/178374</xmp></code></pre><p>程序员的内心得有多强大，才能淡然接受每天的bug。</p><p>每天都要听到，“你写的东西有问题吧”，“这是bug吧”，我的天</p>',4,'讨论',0,0,0,0,'2021-08-10 16:19:20','2021-08-10 16:19:20'),(14,1,'开源项目被慕课网拿去做课程然而我毫不知情，这又是什么骚操作？','<pre><code class=\"Bash\"><xmp>原文地址：https://juejin.cn/post/6970407663859400718</xmp></code></pre><p>万万没想到，这种事情会发生在我身上。</p><p>之前写过《开源囧事》系列而且已经写了四篇，四次开源囧事如下：</p><p><a href=\"https://juejin.cn/post/6844904021312929806\" target=\"_blank\">《开源囧事(一)捅娄子了，写个bug被国家信息安全漏洞共享平台抓到了？》</a></p><p><a href=\"https://juejin.cn/post/6844904029215162381\" target=\"_blank\">《开源囧事(二)终于，我还是被他们搞崩溃了》</a></p><p><a href=\"https://juejin.cn/post/6844904093454991374\" target=\"_blank\">《开源囧事(三)开源项目在闲鱼、b 站上被倒卖？这是什么骚操作？》</a></p><p><a href=\"https://juejin.cn/post/6960274399660343332\" target=\"_blank\">《开源囧事(四)你们这些卖代码的能不能留自己的QQ号？留我QQ号干嘛？》</a></p><p>在第四篇的开头我还特意加了一句：</p><blockquote>\n<p>这已经是《开源囧事》的第四篇文章了，我真的不希望以后还有更多囧事，真心的。</p>\n</blockquote><p>然而天不遂人愿啊！发布那篇文章是 2021 年 5 月 9 日，仅仅过了几天时间，就收到了一条消息，就...挺突然的。看标题你们应该也知道是什么事情了，希望大家多多点赞和转发，让更多的人知道这件事。</p><p>接下来，我来说一下整件事情的经过。</p><h2>什么！！！我的开源项目被慕课网拿去做Java大课程？</h2><p>之前几次囧事的来源都是陌生人的邮件、QQ消息或者群消息。这次不一样，是一位要好的朋友在微信里找到我聊起的这个事情，当时的聊天记录如下图所示：</p><p><img src=\"https://p3-juejin.byteimg.com/tos-cn-i-k3u1fbpfcp/30d5851c9e52429d8321286c15f66eef~tplv-k3u1fbpfcp-watermark.awebp\" alt=\"image-20210514160539470\"/></p><p>他发来了一个链接地址，看域名是慕课网的，然后这位老哥就说该教程用了我的项目，我当时就无语了，心里莫名的上来一股火。同时，心里也犯嘀咕：“慕课网用我的项目做课程？不应该啊，这种大平台会做出这种事？”</p><p>之后，我就顺着链接点了进去，想要一探究竟，课程详情页面的图片如下所示：</p><p><img src=\"https://p1-juejin.byteimg.com/tos-cn-i-k3u1fbpfcp/9b58e81a3d7845c0be207a150eba9081~tplv-k3u1fbpfcp-watermark.awebp\" alt=\"image.png\"/></p><p>第一眼看上去觉得都很正常啊，没看到我的项目，只有课程信息：名称、价格、优惠价、累计学习人数及好评度，当时我还是不相信这个课程会用到我的项目。</p><p>接着，我就继续往下翻，翻了大概有 6 屏，之后看到的内容我惊呆了。</p><h2>我的开源项目被慕课网用做Java就业班的终极项目！</h2><p>让我震惊的页面内容如下：</p><p><img src=\"https://p3-juejin.byteimg.com/tos-cn-i-k3u1fbpfcp/de86b496a4534d489fe2242c8e0a8a59~tplv-k3u1fbpfcp-watermark.awebp\" alt=\"image.png\"/></p><p>刚开始，我并没有注意到页面中有哪些文案，只是被这个项目预览图给吓到了。</p><p>newbee-mall 项目毕竟是我维护了 3 年的开源项目，真的是一眼就看出来了。页面是无比的熟悉，同时，心情也是无比的复杂。</p><p>接着，我就找了该预览图的地址并下载了这张图片，大家可以自行对比。</p><p><img src=\"https://p3-juejin.byteimg.com/tos-cn-i-k3u1fbpfcp/1a0b9e113e734dc3b623003693f4bb12~tplv-k3u1fbpfcp-watermark.awebp\" alt=\"image-20210514161839541\"/></p><p><strong>2021年6月1日，该《Java工程师》体系课程升级至2021版，使用的终极项目依然是这个项目。不管是《Java工程师》2020版还是《Java工程师》2021版，这两个课程都涉嫌侵犯了我的合法著作权。</strong></p><p>然后，我用开源项目newbee-mall项目的页面截图，做了一张与慕课网上该Java体系课程预览图类似的排版，大家可以体会一下：</p><p><img src=\"https://p3-juejin.byteimg.com/tos-cn-i-k3u1fbpfcp/64c635663bce41959a9b55d15573ef4f~tplv-k3u1fbpfcp-watermark.awebp\" alt=\"预览对比图-2\"/></p><p>不能说毫不相干，也算得上一模一样了。对于这两张图片的对比就仁者见仁智者见智了，更精彩的还在后头。</p><blockquote>\n<p>为了避免文章发布之后，慕课网连夜“优化”或者“升级”课程信息，我也录制了视频，而且已经在公证处做了证据保全，录制和保存了所有相关的视频和课程内容，所以不担心这个事情。</p>\n</blockquote><h2>课程中的源码中竟然有newbee-mall的源文件？！！</h2><p>上面那两张近乎复制粘贴的项目预览图对比，已经足够证明一些事情了。但是既然要锤，那咱们就锤的扎实一点。</p><p>来。</p><p>首先是这位朋友给了我两张截图，是他自己分析出的结论，这里我直接放出来，包括图片和这位朋友说的话。</p><p><img src=\"https://p3-juejin.byteimg.com/tos-cn-i-k3u1fbpfcp/087ab4cfa8864f6184426760cbf0acbb~tplv-k3u1fbpfcp-watermark.awebp\" alt=\"img\"/></p><blockquote>\n<p>二维码只是换了，源文件还留着。</p>\n<p>还有其他图片，我给你看一下。</p>\n</blockquote><p>接下来，又给我截了一张图片，是慕课网Java体系课源码中的部分文件，截图如下：</p><p><img src=\"https://p3-juejin.byteimg.com/tos-cn-i-k3u1fbpfcp/96e5342a278545869f6f8e34c6b973d5~tplv-k3u1fbpfcp-watermark.awebp\" alt=\"img\"/></p><p>好家伙，这些图片可不是眼熟了，完全复制过去，根本没删啊！看到新蜂商城的LOGO图片了吗？看到我的二维码了吗？里面竟然还有我的收款码！！！哈哈哈，滑稽至极。还有几张商品图，都是很早之前的产品图片了，是我2019年开发项目时找的图片，好家伙，也没删。如下图所示，是newbee-mall项目中的图片文件：</p><p><img src=\"https://p3-juejin.byteimg.com/tos-cn-i-k3u1fbpfcp/50a50f265bd941109f3ccaa03906ae0c~tplv-k3u1fbpfcp-watermark.awebp\" alt=\"image-20210514235421534\"/></p><p><img src=\"https://p3-juejin.byteimg.com/tos-cn-i-k3u1fbpfcp/205df9401a1c4485b24e210400aa3f7e~tplv-k3u1fbpfcp-watermark.awebp\" alt=\"image-20210514235533773\"/></p><p>竟然能如此巧合？这是骨灰级别的复制粘贴吧！区别还是有的，不同种类的图片我是放在两个文件夹中的，而这个项目是放在一个文件夹中的。</p><p><img src=\"https://p3-juejin.byteimg.com/tos-cn-i-k3u1fbpfcp/30f0e3b8ba7547ea9a2a579a3dc40e25~tplv-k3u1fbpfcp-watermark.awebp\" alt=\"image-20210520144410327\"/></p><p>然后，这位朋友又提供了该项目的源码，名称是“imooc-mall”,我看了一下，也完全确认了一些事情。</p><blockquote>\n<p>PS:后续我也购买了这个课程，也看到了这些源码，这些文件确实存在。</p>\n</blockquote><p>本来以为，慕课网上这个终极项目只是借鉴了newbee-mall项目的“大部分”页面设计。现在看来，好像是直接在newbee-mall源码上进行的改造啊！</p><h2>newbee-mall项目与慕慕生鲜项目的详细对比</h2><p>接下来，我结合了这几天收集到的一些信息，把慕课网上的这个Java终极项目和我的开源项目newbee-mall做一个对比。从页面显示对比、功能点的对比和项目流程的对比，逐一道来。</p><h4>项目主色</h4><p>newbee-mall项目中主要采用了主色+黑色+白色，所有的页面都有这三种颜色，主色的色号是 #1baeae，颜色展示如下图所示：</p><p><img src=\"https://p3-juejin.byteimg.com/tos-cn-i-k3u1fbpfcp/1edd1b3499f041c5afed624fed46c43b~tplv-k3u1fbpfcp-watermark.awebp\" alt=\"image-20210516095050914\"/></p><p>newbee-mall项目中的按钮、提示文案、图片基本也会用这个颜色来做。</p><p>慕慕生鲜的项目主色也是 #1baeae，这并不是一个非常流行的颜色，除了newbee-mall之外并没有看到其它项目有用到这个颜色，为什么如此“巧合”？</p><h4>页面布局</h4><p>慕慕生鲜商城端的页面布局，基本就是newbee-mall商城端的翻版，没有任何区别。</p><p>慕慕生鲜后台管理系统端的页面布局，只是更改了颜色和样式，虽然看上去不像，但是仔细分析下来也是newbee-mall商城端的翻版，包括字段、文案、按钮位置、功能区域的位置排布，可以说是一模一样。</p><h4>商城首页对比-未登录状态</h4><p>以下分别是未登录状态下的newbee-mall商城端首页和慕慕生鲜商城端首页：</p><p><img src=\"https://p3-juejin.byteimg.com/tos-cn-i-k3u1fbpfcp/9fc8d884ab914990bea4d4dbba157e51~tplv-k3u1fbpfcp-watermark.awebp\" alt=\"newbee-mall首页-未登录状态\"/></p><p><img src=\"https://p3-juejin.byteimg.com/tos-cn-i-k3u1fbpfcp/26553a32be2246e19bf53eae74271ae2~tplv-k3u1fbpfcp-watermark.awebp\" alt=\"慕慕生鲜首页-未登录状态2\"/></p><h4>商城首页对比-登录状态</h4><p>以下分别是登录状态下的newbee-mall商城端首页和慕慕生鲜商城端首页：</p><p><img src=\"https://p3-juejin.byteimg.com/tos-cn-i-k3u1fbpfcp/4e30141d52ea4f0e9aef5930a50c892b~tplv-k3u1fbpfcp-watermark.awebp\" alt=\"newbee-mall首页-登录状态2\"/></p><p><img src=\"https://p3-juejin.byteimg.com/tos-cn-i-k3u1fbpfcp/da61fd42243a46f690263f6c7536f8a0~tplv-k3u1fbpfcp-watermark.awebp\" alt=\"慕慕生鲜首页-登录状态2\"/></p><p>我在图中做了标注，大家可以自行对比。</p><h4>商品详情页对比</h4><p>以下分别是newbee-mall和慕慕生鲜商品详情页：</p><p><img src=\"https://p3-juejin.byteimg.com/tos-cn-i-k3u1fbpfcp/79752eb2ad4f412582a4ca6e369ec402~tplv-k3u1fbpfcp-watermark.awebp\" alt=\"newbee-mall商品详情\"/></p><p><img src=\"https://p3-juejin.byteimg.com/tos-cn-i-k3u1fbpfcp/a22942e34e2045ff92318c3d23d02a1b~tplv-k3u1fbpfcp-watermark.awebp\" alt=\"慕慕生鲜商品详情2\"/></p><p>我在图中做了标注，大家可以自行对比。</p><h4>商品管理模块对比</h4><p>以下分别是newbee-mall和慕慕生鲜后台管理系统中的商品管理页面：</p><p><img src=\"https://p3-juejin.byteimg.com/tos-cn-i-k3u1fbpfcp/00969a37eec049dfb69b23cebca5161b~tplv-k3u1fbpfcp-watermark.awebp\" alt=\"newbee-mall商品管理页面\"/></p><p><img src=\"https://p3-juejin.byteimg.com/tos-cn-i-k3u1fbpfcp/89cadd41df944bbba0da5643589c0a5d~tplv-k3u1fbpfcp-watermark.awebp\" alt=\"慕慕生鲜商品管理页面2\"/></p><p>我在图中做了标注，大家可以自行对比。</p><h4>功能点对比</h4><p>总得来说，慕慕生鲜算是newbee-mall的低配版，大多数功能都是一模一样的。但是慕慕生鲜中删减了很多功能，页面也删掉了几张，比如后台管理系统：</p><p><img src=\"https://p3-juejin.byteimg.com/tos-cn-i-k3u1fbpfcp/cbeaa90ea33f49c89c5e2b1bcc5b4c18~tplv-k3u1fbpfcp-watermark.awebp\" alt=\"慕慕生鲜-模块2\"/></p><h4>表结构设计的对比</h4><p>这里讲一下几个主要表的设计：</p><ul>\n<li>分类表：字段基本一模一样，没有什么区别</li>\n<li>商品表：字段基本一致，与newbee-mall项目相比，删除了三个字段，分别是：商品原价字段、商品小标签字段、商品详情字段。</li>\n<li>购物车表：字段基本一致，与newbee-mall项目相比，增加了一个字段。</li>\n<li>订单表：字段基本一致，与newbee-mall项目相比，增加了两个字段，分别是发货时间和交易完成时间。</li>\n</ul><p>越对比我越心寒，真的，我心头一阵一阵的发紧。每一个页面、每一个功能模块、每一行文案，都是一个模子刻出来的。一开始我以为只是商城端的页面很类似，后端管理系统应该不一样，结果两相对比之后，后台也完全是复制粘贴过去的，仅仅是换了个页面的样式，字段、文案、按钮位置、功能区域的位置排布可以说是一模一样。</p><p>我实在想不通慕课网为什么会做出这种事，完完全全想不通。这里只说几个比较明显的复制粘贴，大家可以看一下两个项目的主色调，还有页面上的文案，完全是照搬过来完全没有改动，还有更多一眼就能看出来的地方，篇幅所限就不继续展开了。</p><p><strong>这篇文章只举例了 4 张页面的对比，其实我做了所有页面的对比，总共20个页面</strong>，看完之后你会有更深的认识，更为详细的功能及页面对比，我写到了另外一篇文章中<a href=\"https://juejin.cn/post/6970407668716404773\" target=\"_blank\">《newbee-mall开源项目被慕课网拿去做课程，项目详细对比记录，更多实锤看这里》</a>，大家可以自行查看。</p><h2>六问慕课网！！！！！！</h2><ul>\n<li><strong>你好，慕课网。你平台用我的开源项目制作课程并上架销售，为何我作为作者，却毫不知情？</strong></li>\n</ul><p>newbee-mall开源项目于2019年开发并于2019年国庆节期间开源，该  Java 工程师体系课程于 2020 年上架销售，真实学员量已达到 1.4 万+，但是为何从未通知于我，如若不是朋友于 2021 年告知于我，我仍会蒙蔽其中。</p><p>用我的开源项目制作课程并上架销售，为何我作为作者，却毫不知情？为何课程中没有提起该项目的出处为newbee-mall？为何把newbee-mall的相关文件删除？为何把newbee-mall项目中的版权文案全部删光？你们就是以这样的态度来做课程的？</p><ul>\n<li><strong>你好，慕课网。你平台为何没有得到我的授权，就私自改造我的开源项目并上线发售？</strong></li>\n</ul><p>2019年，newbee-mall开源后，我偶尔会发布文章宣传该项目，且该项目已经获得中华人民共和国《软件著作权》文件，受国家版权局知识产权以及国家计算机软件著作权保护！著作权文件上清晰的标明该项目的开发完成日期和首次发表日期以及我的著作权权利。</p><p><img src=\"https://p3-juejin.byteimg.com/tos-cn-i-k3u1fbpfcp/c8633e0551a04454bfb5576897315e43~tplv-k3u1fbpfcp-watermark.awebp\" alt=\"image-20210514171146142\"/></p><p>而且，我也将newbee-mall项目的《软件著作权》扫描文件公布于开源仓库中。请问，你们是如何忽略我的正当权益且于未获得合法授权的情况下，就改造我的项目并上线发售？</p><ul>\n<li><strong>你好，慕课网。你平台中课程的制作和上线流程是否存在审核不严的问题？</strong></li>\n</ul><p>为什么要拿开源项目改造之后才去做课程？为什么对项目的改造那么漫不经心被人一眼看穿？而且做了功能和页面的删减才上线，平台的审核机制是否存在问题？</p><p>未通知项目作者，未取得项目作者的授权，你方就可以堂而皇之的改造受国家版权局知识产权以及国家计算机软件著作权保护的项目，并上线售卖近两年之久。你平台中对于课程内容的审查是否存在审查不力之责？课程上线流程未严格把关，是否存在流程不严谨的问题？</p><ul>\n<li><strong>你好，慕课网。你平台对于开源的尊重、对于知识产权的尊重、对于原创的尊重在哪里？</strong></li>\n</ul><p>慕课网是一个优秀的IT教育平台，慕课网上的课程也非常优秀，大家也有目共睹，而且慕课网向来提倡尊重知识产权、尊重创作者。</p><p>那么，这次事件该如何解释？平台的知识产权保护意识呢？平台的尊重原创，尊重作者体现在哪里呢？课程上线两年，我至今未收到通知。慕课网标榜自己是一个生产优质课程的平台，持续为用户提供优质课程。难道就是把别人辛辛苦苦做的项目做一次改头换面就上线卖钱，是这样吗？</p><p>你们只尊重自己的知识产权，只保护自己的知识产权，只保护自己的合法利益不被侵害，是这样吗？</p><p>对于开源的尊重，对于知识产权的尊重，对于原创的尊重，对于作者权益的尊重，在哪里？</p><ul>\n<li><strong>你好，慕课网。你平台为何会冒如此大的风险去做侵犯别人合法知识产权的事情？</strong></li>\n</ul><p>其实，我写这篇文章的时间距离我知道这件事情已经过去一周时间，我至今也没想明白，这么大的平台，这么优秀的 IT 课程平台，会做出如此之事。</p><p>我也和几位朋友沟通过这件事情，他们和我的想法一样：</p><blockquote>\n<p>慕课网怎么敢的啊？为什么啊？</p>\n</blockquote><p>我也没明白，作为国内数一数二的IT线上教育平台，你平台应该保护知识产权、保护原创者，为何要冒如此大的风险来做这个侵犯别人合法知识产权的事情？</p><ul>\n<li><strong>你好，慕课网。你平台该如何向用户解释改造一个开源项目作为JAVA就业班终极课程？</strong></li>\n</ul><p>最后，我帮这个课程的14543位付费用户问一句，你平台是否存在不尊重付费用户的情况？</p><p>本人于慕课平台的官方网站中看到了如下文案：</p><blockquote>\n<p>恪守良心责任，专注纯粹教育，匠心打造精品课程，赢得了海量用户信任及口碑推荐。</p>\n</blockquote><p>此次改造我的项目，不仅仅侵犯了我的合法权益。也让我非常想替慕课网的用户们问一句，如此不严谨的课程制作流程，和如此漠视知识产权的态度是对的吗？忘了你的初心？</p><p>我很气，但是我不能意气用事，我要冷静。我不能无缘无故的骂人，我也不能造谣，我更不能侵犯别人的名誉，尤其是慕课网是一个口碑很好的IT教育平台，我更不能因为自己的不冷静而说出一些可能导致他们平台名誉权受损的话。</p><p>因此我选择相信中华人民共和国的法律，我将通过起诉进行维权。目前已经收集完证据，并且做了公证，也已经找好了律师，开启我的维权之路啦。</p><p><img src=\"https://p3-juejin.byteimg.com/tos-cn-i-k3u1fbpfcp/a24d58c6fd7a444f8f944d3cc33a0f0a~tplv-k3u1fbpfcp-watermark.awebp\" alt=\"image-20210601160721893\"/></p><h2>结语</h2><p>其实我每年都会花不少时间在newbee-mall这个项目的优化和维护上，今后我也会继续用心维护这个开源项目的。这是我的作品，你们不能就这么堂而皇之的侵犯我的合法权益。</p><p><strong>慕课网作为国内IT教育平台的执牛耳者，应该高高地扛起保护知识产权的大旗，应该维护原创者的合法权益，应该严厉地打击抄袭、剽窃、盗版等行为，应该给同行们做好表率。千万不要试图以高高在上的姿态侵犯一个开发者的合法知识产权，决不能助长这种不正之风。慕课网，你手中的剑应该指向“恶龙”啊！</strong></p><p>我是程序员十三。关于慕课网无通知无授权的情况下改造我的开源项目newbee-mall并进行上线售卖的事件，我不止写了这一篇文章，也不止在一个平台上发布。这些文章我已经在十三个平台上同步发表，包括今日头条、微信公众号、微博、知乎、哔哩哔哩、掘金、博客园、CSDN、InfoQ写作平台、思否、51CTO、开源中国OSCHINA、腾讯云+社区，账号名称都是“程序员十三”。</p><p>后续我会一直在我的微信公众号里发声，关注我即可查看事件详情和最新进展，毕竟在其它平台可能文章会莫名其妙的就“没”了。也希望各位看到文章的朋友能帮忙转发，再次感谢大家。</p><p><strong>如果有需要转载的朋友，注明来源即可转载，或者可以联系我进行文章授权。</strong></p><p>2021年6月6日，是我第一次针对这次事件的发声，共三篇文章：</p><ul>\n<li><a href=\"https://juejin.cn/post/6970407663859400718\" target=\"_blank\">《newbee-mall开源项目被慕课网拿去做课程，然而我毫不知情，这又是什么骚操作？》</a></li>\n<li><a href=\"https://juejin.cn/post/6970407668716404773\" target=\"_blank\">《newbee-mall开源项目被慕课网拿去做课程，项目详细对比记录，更多实锤看这里》</a></li>\n<li><a href=\"https://juejin.cn/post/6970407667198066724\" target=\"_blank\">《一个被慕课网拿去做Java就业班终极项目的开源商城项目，推荐给大家》</a></li>\n</ul><p>后续我也会继续更新。</p><p>\n\n\n\n\n\n\n\n\n\n\n\n\n\n\n\n\n\n\n\n\n\n\n\n\n\n\n\n\n\n\n\n\n\n\n\n\n\n\n\n\n\n\n\n\n\n\n\n\n\n\n\n\n\n\n\n\n\n\n\n\n\n\n\n\n\n\n\n\n\n\n\n\n\n\n\n\n\n\n\n\n\n\n\n\n\n\n\n\n\n\n\n\n\n\n\n\n\n\n\n\n\n\n\n\n\n\n\n\n\n\n\n\n\n\n\n\n\n\n\n\n<br/>作者：程序员十三<br/>链接：https://juejin.cn/post/6970407663859400718<br/>来源：掘金<br/>著作权归作者所有。商业转载请联系作者获得授权，非商业转载请注明出处。</p>',2,'分享',0,3,0,0,'2021-08-10 16:28:16','2021-08-10 16:27:50'),(15,1,'一本实体书、一个掘金小册、一次慕课网抄袭事件｜2021 年中总结','<p>又是满满当当的半年，一边上班，一边搞搞副业，反正也挺充足的吧，虽然非常累，但是现在还年轻，多折腾折腾总是没错的。本来一切正常，按部就班的上着班，空闲时间做做副业，写写文章、写写书。最近两个月，全被慕课网涉嫌抄袭我原创项目的事件给打乱了。</p><p>也七月份了，总结一下2021年的上半年。</p><h2>第一次写书，开始印刷了</h2><p>五年了，免费文章 → 付费专栏 → 付费视频 → 实体书籍，从一开始的免费文章，之后在各个不同的平台上线付费专栏，并且录制付费视频，再到如今的实体书籍出版，每年都在变化和进步。</p><p><img src=\"https://p3-juejin.byteimg.com/tos-cn-i-k3u1fbpfcp/2f39190efb724b368b074700d02d3271~tplv-k3u1fbpfcp-watermark.awebp\" alt=\"2016-2021\"/></p><p>在<a href=\"https://juejin.cn/post/6847902217941286926#heading-7\" target=\"_blank\">《「2020年中总结」这半年我又做了哪些副业？》</a>和<a href=\"https://juejin.cn/post/6876942586980859917#heading-4\" target=\"_blank\">《程序员的副业：我靠写作赚到的第一笔收入》</a>两篇文章中都有提到我要写一本书以及第一本书的写作进度，经过了大半年时间的写作，终于在 2021 年 2 月 9 号完成了所有章节的书稿，并发送给出版社的对接编辑。<strong>这是一本面向后端开发人员的书籍，因为我自己主要使用的技术栈就是 Java，最近几年的开发中也都是使用 Spring Boot 框架，为了避免在写书过程中给自己制造困难，就选择了比较熟悉的内容进行写作，写完之后也算是了结了自己的一桩心愿。</strong></p><p>2020 年 3 月份开始与出版社方面进行沟通，之后是确定选题、写样张、签订约稿合同，到 2021 年 2 月份完成初稿，差不多已经过去了一年时间。2021 年 3 月份正式进入审编阶段，6 月初在出版社完成了三审三编的过程。封面图已设计完毕，ISBN 码也申请到了，目前正在印刷当中，应该不久就可以正式出版了。</p><p><img src=\"https://p3-juejin.byteimg.com/tos-cn-i-k3u1fbpfcp/72120a9ffe8746e994c0f22ae2b94eb4~tplv-k3u1fbpfcp-watermark.awebp\" alt=\"书籍封面01\"/></p><p>不进行实际的体验，还真的不知道想要出版一本书会这么曲折，会花费这么多时间和精力，走了这一遭之后真的体验到了很多，也学到了很多东西。毕竟，这是我第一次写书，由于很多流程都不熟悉，肯定要花费更多的时间，后面如果出版第二本书、第三本书应该会顺利很多。</p><p>第一次写书，花费了很长时间，主要是跨度时间长，真正写稿子的时间就几个月时间，但是从前期准备，到实际的写稿，再到出版社审编、印刷，这些流程走了很久。今后也有新书的打算，应该比第一次要顺利一些。</p><h2>写了两个开源项目</h2><h5>Vue 3 + Element Plus + Vite 2 的后台管理系统</h5><p>这个项目的开发背景是 Vue 3.0 正式发版和 element plus 的正式发版，时间点分别是 2020 年的 9 月份和 2020 年的 11 月份。项目 <a href=\"https://link.juejin.cn?target=https%3A%2F%2Fgithub.com%2Fnewbee-ltd%2Fvue3-admin\" target=\"_blank\">vue3-admin</a> 的开发时间应该是在 2020 年的 12 月份，当时看到 @iamkun 大佬发了一篇文章<a href=\"https://juejin.cn/post/6900733850540834830\" target=\"_blank\">《? Element UI for Vue 3.0 来了！》</a>，文章里有提到 element plus 正式发版，就想着用它来重构之前的后台管理系统。</p><p>前前后后花费了 4 个月，在 2021 年的 3 月底，把所有代码都开源了出去，主要也是供大家练练手，没什么别的想法。</p><p><img src=\"https://p3-juejin.byteimg.com/tos-cn-i-k3u1fbpfcp/439ba8fc5d164b87a8aeaf801d5fce6c~tplv-k3u1fbpfcp-watermark.awebp\" alt=\"image-20210703143851953\"/></p><p>所有的代码、文件全部都开源到 GitHub 仓库中，前后端代码全部都在仓库里。并没有任何藏着掖着的行为，包括后端 API 接口的代码也全部开源，不会说缺少哪个页面或者某个重要功能，这种事情是不存在的，大家先看看文章和预览图，觉得不错的朋友可以继续了解一下这个项目。</p><p>当然，也希望感兴趣的朋友可以找找其中的问题，提一些 pr 或者 issue，让这个开源项目能够减少问题并且保持进步。</p><blockquote>\n<p>vue3-admin 在 GitHub 和国内的码云都创建了代码仓库，如果有人访问 GitHub 比较慢的话，建议在 Gitee 上查看该项目，两个仓库会保持同步更新。</p>\n</blockquote><ul>\n<li><a href=\"https://link.juejin.cn?target=https%3A%2F%2Fgithub.com%2Fnewbee-ltd%2Fvue3-admin\" target=\"_blank\">in GitHub : vue3-admin</a></li>\n<li><a href=\"https://link.juejin.cn?target=https%3A%2F%2Fgitee.com%2Fnewbee-ltd%2Fvue3-admin\" target=\"_blank\">in Gitee : vue3-admin</a></li>\n</ul><p>预览图如下：</p><ul>\n<li>登录页</li>\n</ul><p><img src=\"https://p3-juejin.byteimg.com/tos-cn-i-k3u1fbpfcp/1758f9d6ca874c319a5776ae41d367d9~tplv-k3u1fbpfcp-watermark.awebp\" alt=\"登录页面\"/></p><ul>\n<li>分类管理</li>\n</ul><p><img src=\"https://p3-juejin.byteimg.com/tos-cn-i-k3u1fbpfcp/6b5938aeab1241e9919a0edd18f47628~tplv-k3u1fbpfcp-watermark.awebp\" alt=\"分类管理\"/></p><ul>\n<li>商品列表</li>\n</ul><p><img src=\"https://p3-juejin.byteimg.com/tos-cn-i-k3u1fbpfcp/db14e1e2a0894b4db21cd19556d5e9d6~tplv-k3u1fbpfcp-watermark.awebp\" alt=\"商品管理\"/></p><ul>\n<li>商品编辑</li>\n</ul><p><img src=\"https://p3-juejin.byteimg.com/tos-cn-i-k3u1fbpfcp/06387c4bef2d4526aa144b2b3c8439a1~tplv-k3u1fbpfcp-watermark.awebp\" alt=\"商品编辑\"/></p><h5>新增秒杀功能、优惠券、支付宝、Docker，newbee-mall升级版</h5><p>历经半年的开发、136次代码提交，新蜂商城升级版本 newbee-mall-plus 正式开源啦！</p><p><img src=\"https://p3-juejin.byteimg.com/tos-cn-i-k3u1fbpfcp/c79676581d3f46eaac7a6e3d4c290c15~tplv-k3u1fbpfcp-watermark.awebp\" alt=\"image-20210616191601257\"/></p><p>newbee-mall-plus 项目正式的开源日期是 2021 年 6 月 2号：</p><p><img src=\"https://p3-juejin.byteimg.com/tos-cn-i-k3u1fbpfcp/86eb2650289b450eac04311b4ae4e481~tplv-k3u1fbpfcp-watermark.awebp\" alt=\"image-20210616191720554\"/></p><p>该项目还会持续更新的，现在还是第一阶段。第一阶段的话，主要更新了三个功能：秒杀功能、优惠券、对接支付宝。</p><p>关于为什么要开发新蜂商城升级版本 newbee-mall-plus 以及之前的开发计划，大家可以看我之前写的一篇文章：<a href=\"https://juejin.cn/post/6918761224582889486\" target=\"_blank\">《newbee-mall 开源商城新计划：秒杀功能、优惠券、对接支付宝》</a>。所有源码已经发布到 GitHub 和 Gitee 网站上，和往常一样，我做的开源项目不会藏着掖着，源代码、项目的其他文件全部都会免费开源出去。</p><p>本来6、7月份会主要介绍这个项目的，结果被突如其来的一个意外给打乱了。我到现在也没想通，慕课网怎么能干出涉嫌抄袭和涉嫌剽窃的事情，无语。</p><h2>一个掘金小册</h2><p>关于《Vue 3.0 企业级项目实战》这个小册，也是有些巧合的。因为之前已经在掘金平台上上线了两本小册，2019 年上线了一个，2020 年上线了一个，我觉得可能短期内可能不会再让我上线小册了，所以这本小册并不在今年的计划中。</p><p>2021 年 1 月 27 日，优弧大佬发了一个消息给我，问我有没有新小册的打算，聊天记录如下图所示：</p><p><img src=\"https://p3-juejin.byteimg.com/tos-cn-i-k3u1fbpfcp/eaa3f1f6f2c541738592442736f4fb7b~tplv-k3u1fbpfcp-watermark.awebp\" alt=\"image-20210405184609096\"/></p><p>当时正在整理我第一本书的书稿，还没有这个 Vue3 小册的想法，但是大佬发话了，肯定要处理的。</p><p><img src=\"https://p3-juejin.byteimg.com/tos-cn-i-k3u1fbpfcp/ebf5fc584c5b42c5b1547ad7e80a4dc9~tplv-k3u1fbpfcp-watermark.awebp\" alt=\"大佬\"/></p><p>于是当时就答应了下来，后面就慢慢的想了一下该写一本什么样的小册，本来是有其它的课程思路，后来商量了一下还是打算做一个 Vue 3.0 的小册。</p><p>书稿整理完成之后，写了一个 Vue3 + Element Plus 的练手项目 <a href=\"https://link.juejin.cn?target=https%3A%2F%2Fgithub.com%2Fnewbee-ltd%2Fvue3-admin\" target=\"_blank\">vue3-admin</a>，同时与掘金平台又合作推出了这本 Vue3 企业级项目实战的小册，帮助大家在掌握 Vue3 基础知识点及使用技巧的同时，通过实战项目来打通 Vue3 项目开发和上线链路上的技能点，真正做到学完即用。这不仅仅是一门教你如何使用 Vue3 的课程，而是会手把手带你用 Vue3 完成和上线一个大型的企业级项目。</p><p>本小册中包含前端和后端知识，对于前端开发人员和后端开发人员都是一个很好的学习选择。</p><p><img src=\"https://p3-juejin.byteimg.com/tos-cn-i-k3u1fbpfcp/327ae603fdda4db8a4878db9fd67604f~tplv-k3u1fbpfcp-watermark.awebp\" alt=\"WechatIMG672\"/></p><p>2021 年 3 月 29 日，该小册正式上线。总共是40个章节的内容，当时上线时只写了 20 章预售章节，后面又写了两个月，于 2021-05-05 将所有章节更新完成。</p><p><img src=\"https://p3-juejin.byteimg.com/tos-cn-i-k3u1fbpfcp/1ba9f0a51f1044078ff0af3e338dee6d~tplv-k3u1fbpfcp-watermark.awebp\" alt=\"image-20210703151644810\"/></p><h2>慕课网涉嫌抄袭newbee-mall项目事件</h2><p>慕课网涉嫌抄袭我的开源项目作为《Java工程师》的终极项目并上线销售，这件事情自2021年6月6日曝光之日起，至今来看已经过去一个月时间。非常感谢各位朋友的关注和支持，感觉非常暖心，我也更有动力和信心去完成维权这件事情。后续将会发起诉讼，这个过程应该比较长，耐心等待审理结果好了。</p><p>2021年6月6日，是我第一次针对这次事件的发声，之后陆陆续续共发布了六篇文章：</p><ul>\n<li><a href=\"https://juejin.cn/post/6970407663859400718\" target=\"_blank\">《newbee-mall开源项目被慕课网拿去做课程，然而我毫不知情，这又是什么骚操作？》</a></li>\n<li><a href=\"https://juejin.cn/post/6970407668716404773\" target=\"_blank\">《newbee-mall开源项目被慕课网拿去做课程，项目详细对比记录，更多实锤看这里》</a></li>\n<li><a href=\"https://juejin.cn/post/6970840573624680484\" target=\"_blank\">《花费3680元买了一个慕课网的Java就业班课程，里面竟然有自己写的开源项目！》</a></li>\n<li><a href=\"https://juejin.cn/post/6971891892455899150\" target=\"_blank\">《newbee-mall开源项目被慕课网拿去做课程，讲师已道歉，课程却还在售卖》</a></li>\n<li><a href=\"https://juejin.cn/post/6972228181151449102\" target=\"_blank\">《可笑！慕课网涉嫌抄袭开源项目至今没有道歉，而且在偷偷的“毁尸灭迹”》</a></li>\n<li><a href=\"https://juejin.cn/post/6976001751832854565\" target=\"_blank\">《最新证据：代码相似度达到90%以上！再谈慕课网涉嫌抄袭的事件》</a></li>\n</ul><p><img src=\"https://p3-juejin.byteimg.com/tos-cn-i-k3u1fbpfcp/40eafd01854d4cc8ae789a9e32f03182~tplv-k3u1fbpfcp-watermark.awebp\" alt=\"浓眉大眼\"/></p><p>自从我选择曝光这件事情起，至今未收到任何官方回应和书面说明。相反，广大网友和我一起目睹了该平台是如何“明修栈道暗度陈仓”的，表面风平浪静，背地里想着“毁尸灭迹”。涉嫌侵权的课程中是提供了源码的，之前在这份源码里发现了我个人的一些信息，包括收款码、newbee-mall的logo图片，现在已经全部删除了，之前终极项目的预览地址也删除了，现在大家再进去看预览内容，已经全部改掉了。</p><p>这种态度和处理方式，也让我不得不诉诸法律：</p><p><img src=\"https://p3-juejin.byteimg.com/tos-cn-i-k3u1fbpfcp/32bb104c5e9e4a10b0b21ef6c9c9c4b0~tplv-k3u1fbpfcp-watermark.awebp\" alt=\"起诉\"/></p><p><a href=\"https://juejin.cn/post/6978619058899910693\" target=\"_blank\">《起诉书！慕课网你敢抄袭，我就敢起诉你！》</a></p><p>我也懒得听对方扯皮了，从一开始的“正在核实”，到现在还是“正在核实”。我也不知道他们要“核实”到什么时候。走诉讼程序的话，时间应该要花的挺久的。但是，我已经做好了充足的准备，从我选择曝光这件事伊始，我就知道会是一场“恶战”。耐心点儿吧，等后续的朋友们，可能要再等一等了，没有个半年一年的，应该也没有结果。不过，我不会放弃的。</p><p><strong>知识产权是要尊重的，不能只在乎自己的知识产权，不尊重别人的知识产权。</strong></p><p><strong>现在事件还没有定性，我也不能说一些侵犯他们名誉权的话。不过说实在的，“慕课网”、“程序员的梦工厂”、“同济大学”、“慕尼黑工业大学”、“学霸”，这些词语竟然能和“抄袭剽窃”沾上边儿，也是让人挺意外的。</strong></p><p>这件事情，估计会持续很久吧，没什么别的想法，刚到底！</p><p>我希望能得到应有的尊重，作为一个开源作者应得的尊重，作为原创者应得的尊重。</p><h2>总结</h2><p>上半年就这样过去了，2021年也已走过了一半。有焦虑，也有充实。本想平平淡淡，奈何竟出现意外。</p><p>展望一下下半年的话，重要的就是几件事：</p><p>首先，好好工作。</p><p>其次，开始准备第二本书的书稿。</p><p>其它时间，就继续和慕课网刚到底。</p><p><strong>我希望法律能够打击一下抄袭者和剽窃者的嚣张气焰！我希望慕课网涉嫌抄袭的事件结果能够还开源世界一个明朗的天空！更希望原创者的权益自我保护意识能够加强！</strong></p><p><img src=\"https://p3-juejin.byteimg.com/tos-cn-i-k3u1fbpfcp/49d33456f94c405f846102ac475a92f6~tplv-k3u1fbpfcp-watermark.awebp\" alt=\"\"/></p><p>以上就是我的 2021 年的年中总结，我是程序员十三，感谢大家的观看。</p><p>\n\n\n\n\n\n\n\n\n\n\n\n\n\n\n\n\n\n\n\n\n\n\n\n\n\n\n\n\n\n\n\n\n\n\n\n\n\n\n\n\n\n\n\n\n\n\n\n\n\n\n\n\n\n\n\n\n\n\n\n\n\n\n\n\n\n\n\n\n\n<br/>作者：程序员十三<br/>链接：https://juejin.cn/post/6981219125854994439<br/>来源：掘金<br/>著作权归作者所有。商业转载请联系作者获得授权，非商业转载请注明出处。</p>',2,'分享',0,213,0,0,'2021-08-10 16:30:03','2021-08-10 16:30:03'),(16,1,'一个小透明作者到出版书籍，我的心路历程分享给各位作者','<p>作者：程序员十三<br/>链接：https://juejin.cn/post/6991610164780466207<br/>来源：掘金<br/>著作权归作者所有。商业转载请联系作者获得授权，非商业转载请注明出处。<br/></p><p><br/></p><p>2020年和电子工业出版社签约，之后开始了自己第一本书的写作之旅。历时近一年，我的第一本书终于出版了。作为一个开发人员，也算是完成了一桩心愿，先看看她的样子吧！</p><p><img src=\"https://p3-juejin.byteimg.com/tos-cn-i-k3u1fbpfcp/fee8e0fb2f024da28697949b4b3aaff0~tplv-k3u1fbpfcp-watermark.awebp\" alt=\"1424SpringBootʵս-800-800-05\"/></p><p>书籍出版后，我也整理了这些年写作的经历。一开始我就是一个小透明作者，没有阅读量、没有粉丝，写作能力也不高。后来凭借着自己的坚持和付出，一步一个脚印，历经数年，最终完成了出版一本书的心愿。一个小透明作者到可以出书我都经历了什么，这几年的经历整理如下：</p><p><img src=\"https://p3-juejin.byteimg.com/tos-cn-i-k3u1fbpfcp/e90808601b3f4c9c84e652bae717d3f9~tplv-k3u1fbpfcp-watermark.awebp\" alt=\"写书经历\"/></p><p>本文就是一篇详细的心路历程，分享给大家。希望这段真实的案例，能给大家带来一点点的启发和帮助。</p><h2>一个大学生刚开始接触技术写作</h2><p>我是2015年本科毕业，之后就是很平淡的找工作、上班、码代码。在2017年以前，关于写书这件事，其实一直都没有这个想法，属于想都不敢想的事情。作为菜鸟，能买书、看书就不错了，那会儿哪敢想着要自己写书啊，纯扯淡嘛不是。</p><p><img src=\"https://p3-juejin.byteimg.com/tos-cn-i-k3u1fbpfcp/4c94e766971541a4a09fd29221674dae~tplv-k3u1fbpfcp-watermark.awebp\" alt=\"想peach\"/></p><p>不过我在大学时就经常逛一些程序员的网站，看看前辈们的日常分享、工作经验之类的内容。基本上每天都会去逛这些论坛，看看帖子和文章。因为我那会儿在自学开发，并且也打算从事技术开发的工作。很长的一段时间里都是默默的潜水，看看文章，偶尔回复一下，那会儿喜欢看的博主也很多。</p><p>第一次脑海中闪过写书的念头，源于张开涛大佬的经历。开涛大神分享了很多篇博客，我关注了他，也经常看这些文章。2016年11月22日，开涛大神发布了一篇文章，简单地说了一下写书的背景，然后介绍了他即将出版的那本书。对我这个初入职场的菜鸟还是带来了一些小震撼的，心里好像想的是“哇，大神就是大神，都出版书籍了”、“我一直看他的文章，竟然出书了，牛啊牛啊”。除此之外，我好像没有多少其他想法。</p><p><img src=\"https://p3-juejin.byteimg.com/tos-cn-i-k3u1fbpfcp/d2e2a60937f844b1b5256b947a9b59ea~tplv-k3u1fbpfcp-watermark.awebp\" alt=\"大神\"/></p><p>从坚持写博客，再到出版书籍，这个路径非常的清晰明了。因此，那时候脑海里是有了一个总结，通过坚持写博客，慢慢的积累，到可以出版一本书，不愧是大神啊。当然，我那时候并没有写书的念头，因为我连博客还没开始写呢，只是见识到了这个过程，觉得很崇拜。</p><p>这个时间节点是2016年，第一次近距离的接触到技术书籍的写作。</p><h2>当一个程序员有了写书的念头</h2><p>2017年，我自己也开始写文章了。就循着 IT 前辈们的脚步开始写博客，分享一些自己贫瘠的知识储备。在网上写写文章、分享一下自己的想法还有自己的知识，但是菜鸟就是菜鸟，没有写作功底，没有技术沉淀，写出来的东西其实很乏味很枯燥，我第一篇文章，300 字左右，排版混乱，也不知道在说些什么。第二篇文章，200 字左右，排版依然非常混乱，也不知道在说些什么。</p><p>不过，人会慢慢进步的嘛。边写边改，慢慢的优化文章，多看书，就这样坚持了一年多，写了差不多 100 多篇与技术相关的文章，虽然还是没什么流量，但是自己已经养成了写作的习惯，这是个非常好的习惯。</p><p>由于在网上发表的文章比较多，渐渐地也收到了一些出版社的约稿。相信很多博主应该也有过这个经历，不同的出版社会通过邮箱或者站内信的方式联系你，邀请你做书籍出版。不知道你们的想法是什么，我都是当场婉拒掉这些约稿。</p><p>为什么呢？因为我知道我自己的状态，自己几斤几两还是知道的，虽然有过写作经验，但是这种经验相较于出版书籍的要求还是有很大的差距，这一点我非常清楚，也没有什么纠结，就是先拒绝掉这些邀约，因为可行性太低。可是邀约多了，自己的心态也有了改变，讲人话就是“飘了”。不过，飘归飘，我还是没有想着去写书。只是觉得可以尝试一下，如果有合适的时间和题材的话。</p><p><img src=\"https://p3-juejin.byteimg.com/tos-cn-i-k3u1fbpfcp/8eeb34bc3f874631b38ae0e710655ac1~tplv-k3u1fbpfcp-watermark.awebp\" alt=\"image-20210731223317744\"/></p><p>这个时间节点是2018年，我自己有了写一本书的念头，实实在在的想要去尝试一下。</p><h2>成了！开始写书</h2><p>写书的念头倒是有了，但是可行性不高，因为我觉得我的知识储备还不够，我的写作能力也不高，还需要再积累一下、沉淀一下。</p><p>“写一本书”这件事也就一直埋在心底里了，很长一段时间都没有想这件事。</p><p>2018年、2019年这两年里，继续写文章，也尝试在不同的IT平台里去写付费专栏，两年时间里差不多写了4个付费专栏，每个专栏里大概20~30篇文章。2020年初，在掘金平台把《Spring Boot 大型线上商城项目实战教程》这个付费专栏的40篇文章写完之后，心里的那个念头开始动了。</p><p>相较于第一次有写书念头的2018年，又经过了两年时间的积累和沉淀。这段经历让我觉得可以尝试去联系一下出版社，咨询一下有没有可能出版一本书籍。反正先试一试嘛，如果出版社那边觉得资历不够或者写作能力不够的话，我就继续写文章，再练练。</p><p>这个时间节点是2020年，我觉得自己有能力完成一本书的写作，也想实际的出版一本作者是“十三”的书籍。</p><p><img src=\"https://p3-juejin.byteimg.com/tos-cn-i-k3u1fbpfcp/0f9514b650ea4d519011cc76ad6a1dfa~tplv-k3u1fbpfcp-watermark.awebp\" alt=\"梦想\"/></p><p>之后就是与出版社方面的沟通，2020 年 3 月份确定了书籍的选题和可行性，2020 年 4 月份开始写书籍的样章，并交给出版社方审核。</p><p>样章通过后，就开始整理书籍的大纲，一开始觉得大纲整理起来应该很快，但是并没有想象的那么顺利，差不多在 2020 年的 4 月份和 5 月份花了很多的时间才整理完成，之后与电子工业出版社签订了约稿合同。</p><h2>完成了一桩心愿！出版一本自己写的书</h2><p>当然，书籍出版的时间还是挺长的。</p><p>首先，我要把书稿整理完毕。经过了大半年时间的写作，终于在 2021 年 2 月 9 号完成了所有章节的书稿，并发送给出版社的对接编辑。</p><p>之后，编辑开始进行基础的审阅，再之后是出版社的三审三编过程。</p><p>2021 年 6 月初，书稿的审编工作完成，正式签署书籍的出版合同。</p><p>出版合同签署后，出版社开始与印刷厂对接，把文稿变成实体书。确认无误后，正式出版并开始上线销售。</p><p>开心是有的，但是激动倒不是特别激动。毕竟经历了两年多时间，再激动的情绪也都在600多个日日夜夜里散开了。我就是觉得，我完成了我个人的一桩心愿，作为一个开发人员，在毕业后的第六年出版了一本书，非常满足。</p><p><strong>“第一本书出版了，第二本还会远吗？”</strong></p><p>继续！扬帆远航！</p><p><img src=\"https://p3-juejin.byteimg.com/tos-cn-i-k3u1fbpfcp/e5c01db1f33c4456a4632bda4e6e861c~tplv-k3u1fbpfcp-watermark.awebp\" alt=\"sail\"/></p><p>这段孤独而充实的经历让我受益匪浅，今后有时间的话，也会继续尝试第二本书、第三本书、第四本书的写作。</p><h2>写在最后</h2><p>最后，感谢各位朋友们的鼓励，不管是无言的鼓励还是有声的鼓励，我都非常感谢大家。可能你只是看过我写的文章，可能你点赞过我的文章，可能你评论过我的文章，可能你给我发过邮件，可能你star过我写的开源项目，可能你私聊过我。可能你说过鼓励过我的话，可能你做出过鼓励我的行动，也可能你在心里默默的表达过对我的支持。不论如何，感谢你们。有你们的支持和批评，才会有不断完善和不断进步的程序员十三。</p><p><img src=\"https://p3-juejin.byteimg.com/tos-cn-i-k3u1fbpfcp/87ea1435242e470c90a6fac7b5e42e34~tplv-k3u1fbpfcp-watermark.awebp\" alt=\"感谢\"/></p><p>刚摸到书的时候非常激动，和刚开始签完书籍出版合同时的心情一样，特别开心也特别兴奋。但是也就是那一会儿，之后也就慢慢平静了。毕竟从沟通到写书、再到出版花费了一年多时间，再激动的心情也会在这400多个日日夜夜中消融了。其实，就是生活中千千万万件事情中的一件而已，不管当时有多么激动和愤慨，之后也都变得平静了。</p><blockquote>\n<p>除注明转载/出处外，皆为作者原创，欢迎转载，但未经作者同意必须保留此段声明，且在文章页面明显位置给出原文链接，否则保留追究法律责任的权利。</p></blockquote>',2,'分享',0,1834,1,0,'2021-08-10 16:36:37','2021-08-10 16:36:37');

/*Table structure for table `tb_bbs_user` */

DROP TABLE IF EXISTS `tb_bbs_user`;

CREATE TABLE `tb_bbs_user` (
                               `user_id` bigint NOT NULL AUTO_INCREMENT COMMENT '用户主键id',
                               `login_name` varchar(32) CHARACTER SET utf8 COLLATE utf8_general_ci NOT NULL DEFAULT '' COMMENT '登陆名称(默认为邮箱号码)',
                               `password_md5` varchar(32) CHARACTER SET utf8 COLLATE utf8_general_ci NOT NULL DEFAULT '' COMMENT 'MD5加密后的密码',
                               `nick_name` varchar(8) CHARACTER SET utf8 COLLATE utf8_general_ci NOT NULL DEFAULT '' COMMENT '昵称',
                               `head_img_url` varchar(128) CHARACTER SET utf8 COLLATE utf8_general_ci NOT NULL DEFAULT '' COMMENT '头像',
                               `gender` varchar(4) CHARACTER SET utf8 COLLATE utf8_general_ci NOT NULL DEFAULT '' COMMENT '性别',
                               `location` varchar(4) CHARACTER SET utf8 COLLATE utf8_general_ci NOT NULL DEFAULT '' COMMENT '居住地',
                               `introduce` varchar(32) CHARACTER SET utf8 COLLATE utf8_general_ci NOT NULL DEFAULT '' COMMENT '个人简介',
                               `user_status` tinyint NOT NULL DEFAULT '0' COMMENT '用户状态 0=正常 1=禁言',
                               `last_login_time` datetime NOT NULL DEFAULT CURRENT_TIMESTAMP COMMENT '最新登录时间',
                               `create_time` datetime NOT NULL DEFAULT CURRENT_TIMESTAMP COMMENT '注册时间',
                               PRIMARY KEY (`user_id`) USING BTREE
) ENGINE=InnoDB AUTO_INCREMENT=4 DEFAULT CHARSET=utf8mb4 COLLATE=utf8mb4_unicode_ci ROW_FORMAT=DYNAMIC;

/*Data for the table `tb_bbs_user` */

insert  into `tb_bbs_user`(`user_id`,`login_name`,`password_md5`,`nick_name`,`head_img_url`,`gender`,`location`,`introduce`,`user_status`,`last_login_time`,`create_time`) values (1,'coder13@qq.com','e10adc3949ba59abbe56e057f20f883e','coder13','/images/avatar/default.png','男','杭州','我不怕千万人阻挡，只怕自己投降。',0,'2021-08-10 16:33:20','2021-08-10 14:49:38'),(2,'coder14@qq.com','e10adc3949ba59abbe56e057f20f883e','coder14','/images/avatar/default.png','未知','未知','这个人很懒，什么都没留下~',0,'2021-08-10 16:21:57','2021-08-10 15:57:48'),(3,'coder15@qq.com','e10adc3949ba59abbe56e057f20f883e','coder15','/images/avatar/default.png','男','未知','这个人很懒，什么都没留下~',0,'2021-08-10 16:23:32','2021-08-10 16:09:41');

/*Table structure for table `tb_post_category` */

DROP TABLE IF EXISTS `tb_post_category`;

CREATE TABLE `tb_post_category` (
                                    `category_id` int NOT NULL AUTO_INCREMENT COMMENT '分类表主键',
                                    `category_name` varchar(16) NOT NULL COMMENT '分类的名称',
                                    `category_rank` int NOT NULL DEFAULT '1' COMMENT '分类的排序值 被使用的越多数值越大',
                                    `is_deleted` tinyint NOT NULL DEFAULT '0' COMMENT '是否删除 0=否 1=是',
                                    `create_time` datetime NOT NULL DEFAULT CURRENT_TIMESTAMP COMMENT '创建时间',
                                    PRIMARY KEY (`category_id`)
) ENGINE=InnoDB AUTO_INCREMENT=7 DEFAULT CHARSET=utf8mb4 COLLATE=utf8mb4_unicode_ci ROW_FORMAT=DYNAMIC;

/*Data for the table `tb_post_category` */

insert  into `tb_post_category`(`category_id`,`category_name`,`category_rank`,`is_deleted`,`create_time`) values (1,'提问',10,0,'2021-08-10 14:47:38'),(2,'分享',9,0,'2021-08-10 14:47:38'),(3,'建议',8,0,'2021-08-10 14:47:38'),(4,'讨论',7,0,'2021-08-10 14:47:38'),(5,'动态',6,0,'2021-08-10 14:47:38'),(6,'其它',5,0,'2021-08-10 14:47:38');

/*Table structure for table `tb_post_collect_record` */

DROP TABLE IF EXISTS `tb_post_collect_record`;

CREATE TABLE `tb_post_collect_record` (
                                          `record_id` bigint NOT NULL AUTO_INCREMENT COMMENT '主键id',
                                          `post_id` bigint NOT NULL DEFAULT '0' COMMENT '收藏帖子主键',
                                          `user_id` bigint NOT NULL DEFAULT '0' COMMENT '收藏者id',
                                          `create_time` datetime NOT NULL DEFAULT CURRENT_TIMESTAMP COMMENT '评论时间',
                                          PRIMARY KEY (`record_id`)
) ENGINE=InnoDB AUTO_INCREMENT=7 DEFAULT CHARSET=utf8mb4 COLLATE=utf8mb4_unicode_ci ROW_FORMAT=DYNAMIC;

/*Data for the table `tb_post_collect_record` */

insert  into `tb_post_collect_record`(`record_id`,`post_id`,`user_id`,`create_time`) values (1,4,3,'2021-08-10 16:10:07'),(2,9,3,'2021-08-10 16:15:44'),(3,11,3,'2021-08-10 16:17:13'),(4,11,2,'2021-08-10 16:18:11'),(5,1,2,'2021-08-10 16:23:02'),(6,1,1,'2021-08-10 16:34:41');

/*Table structure for table `tb_post_comment` */

DROP TABLE IF EXISTS `tb_post_comment`;

CREATE TABLE `tb_post_comment` (
                                   `comment_id` bigint NOT NULL AUTO_INCREMENT COMMENT '主键id',
                                   `post_id` bigint NOT NULL DEFAULT '0' COMMENT '关联的帖子主键',
                                   `comment_user_id` bigint NOT NULL DEFAULT '0' COMMENT '评论者id',
                                   `comment_body` varchar(200) NOT NULL DEFAULT '' COMMENT '评论内容',
                                   `parent_comment_user_id` bigint NOT NULL DEFAULT '0' COMMENT '所回复的上一级评论的userId',
                                   `comment_create_time` datetime NOT NULL DEFAULT CURRENT_TIMESTAMP COMMENT '评论时间',
                                   `is_deleted` tinyint DEFAULT '0' COMMENT '是否删除 0-未删除 1-已删除',
                                   PRIMARY KEY (`comment_id`)
) ENGINE=InnoDB AUTO_INCREMENT=10 DEFAULT CHARSET=utf8mb4 COLLATE=utf8mb4_unicode_ci ROW_FORMAT=DYNAMIC;

/*Data for the table `tb_post_comment` */

insert  into `tb_post_comment`(`comment_id`,`post_id`,`comment_user_id`,`comment_body`,`parent_comment_user_id`,`comment_create_time`,`is_deleted`) values (1,1,2,'赞一个',0,'2021-08-10 16:08:43',0),(2,7,3,'我觉得 目前除了大厂，很多公司 压根就不需要高性能开发。',0,'2021-08-10 16:10:40',0),(3,11,2,'顶一下！',0,'2021-08-10 16:22:27',0),(4,1,2,'??  +1',2,'2021-08-10 16:23:07',1),(5,1,3,'赞 +1',0,'2021-08-10 16:23:45',1),(6,1,3,'学无止境',0,'2021-08-10 16:23:55',0),(7,1,3,'赞 +1',2,'2021-08-10 16:24:14',0),(8,11,1,'继续努力！',0,'2021-08-10 16:34:02',0),(9,16,1,'长路漫漫，奋力前进。',0,'2021-08-10 16:37:43',0);